{"label": "car_(automobile)", "probs": 0.914147675037384, "boxs": [1189.2750244140625, 627.6040649414062, 1316.9962158203125, 963.526611328125]}
{"label": "car_(automobile)", "probs": 0.8849314451217651, "boxs": [0.0, 512.96435546875, 1265.4598388671875, 1073.81201171875]}
{"label": "person", "probs": 0.8796269297599792, "boxs": [1469.1141357421875, 611.69677734375, 1504.3956298828125, 717.59326171875]}
{"label": "car_(automobile)", "probs": 0.8760793805122375, "boxs": [1337.6796875, 637.5180053710938, 1410.3597412109375, 671.505126953125]}
{"label": "car_(automobile)", "probs": 0.8533294796943665, "boxs": [1573.5455322265625, 605.6849365234375, 1845.559814453125, 783.6275024414062]}
{"label": "car_(automobile)", "probs": 0.8262770771980286, "boxs": [1235.263427734375, 631.1719360351562, 1332.5966796875, 761.88916015625]}
{"label": "car_(automobile)", "probs": 0.8240786790847778, "boxs": [1533.728759765625, 634.2095336914062, 1600.3330078125, 742.9359741210938]}
{"label": "cat", "probs": 0.770554780960083, "boxs": [786.178955078125, 477.8622131347656, 890.6410522460938, 542.402587890625]}
{"label": "car_(automobile)", "probs": 0.7641122341156006, "boxs": [1428.88330078125, 640.4454956054688, 1461.6005859375, 686.6550903320312]}
{"label": "license_plate", "probs": 0.7607312798500061, "boxs": [1722.7828369140625, 720.9658813476562, 1789.1107177734375, 736.3228149414062]}
{"label": "car_(automobile)", "probs": 0.739795446395874, "boxs": [1409.2882080078125, 640.1923217773438, 1443.1929931640625, 681.1697998046875]}
{"label": "bucket", "probs": 0.7246454954147339, "boxs": [1788.245849609375, 780.5551147460938, 1838.5079345703125, 827.8031616210938]}
{"label": "headlight", "probs": 0.7168036103248596, "boxs": [1223.3115234375, 784.0094604492188, 1284.685791015625, 833.5347900390625]}
{"label": "air_conditioner", "probs": 0.6996821165084839, "boxs": [960.2332153320312, 491.5532531738281, 994.7607421875, 528.7821655273438]}
{"label": "reflector", "probs": 0.6926294565200806, "boxs": [1076.963134765625, 1001.8633422851562, 1099.1497802734375, 1034.3438720703125]}
{"label": "street_sign", "probs": 0.6842945218086243, "boxs": [1564.9447021484375, 542.1581420898438, 1590.1622314453125, 576.4992065429688]}
{"label": "air_conditioner", "probs": 0.6595258116722107, "boxs": [682.2515258789062, 288.39959716796875, 730.3630981445312, 340.6286926269531]}
{"label": "headlight", "probs": 0.6526572108268738, "boxs": [1804.529541015625, 685.9033813476562, 1831.811279296875, 707.0162353515625]}
{"label": "windshield_wiper", "probs": 0.6474226117134094, "boxs": [1693.4232177734375, 658.7774047851562, 1773.357177734375, 666.16845703125]}
{"label": "car_(automobile)", "probs": 0.6041456460952759, "boxs": [1505.8118896484375, 632.89208984375, 1582.3011474609375, 724.6423950195312]}
{"label": "car_(automobile)", "probs": 0.6001006364822388, "boxs": [1450.2958984375, 640.7272338867188, 1479.8250732421875, 693.0492553710938]}
{"label": "streetlight", "probs": 0.5973605513572693, "boxs": [1038.898681640625, 26.244075775146484, 1237.838623046875, 515.2361450195312]}
{"label": "shoe", "probs": 0.5889803767204285, "boxs": [1476.5797119140625, 706.671142578125, 1485.8541259765625, 713.93115234375]}
{"label": "headlight", "probs": 0.5790102481842041, "boxs": [796.58349609375, 1025.8709716796875, 960.33740234375, 1079.8780517578125]}
{"label": "headlight", "probs": 0.5761216878890991, "boxs": [1657.580322265625, 681.1649780273438, 1696.7784423828125, 704.9190063476562]}
{"label": "taillight", "probs": 0.5712642073631287, "boxs": [383.5599670410156, 637.2999267578125, 449.57257080078125, 660.5468139648438]}
{"label": "wheel", "probs": 0.5706636905670166, "boxs": [1629.7037353515625, 709.9740600585938, 1661.299560546875, 781.854736328125]}
{"label": "car_(automobile)", "probs": 0.5676672458648682, "boxs": [1224.869384765625, 613.5555419921875, 1328.13720703125, 679.4865112304688]}
{"label": "streetlight", "probs": 0.5626876950263977, "boxs": [1190.24951171875, 23.715118408203125, 1237.68798828125, 55.206565856933594]}
{"label": "vent", "probs": 0.5614545941352844, "boxs": [1187.414794921875, 842.885009765625, 1211.2728271484375, 953.5271606445312]}
{"label": "wheel", "probs": 0.5554829835891724, "boxs": [1561.43115234375, 697.011962890625, 1586.303466796875, 747.8262939453125]}
{"label": "rearview_mirror", "probs": 0.5428167581558228, "boxs": [1795.8997802734375, 658.3756103515625, 1808.6624755859375, 669.5227661132812]}
{"label": "rearview_mirror", "probs": 0.5383434295654297, "boxs": [1112.7781982421875, 793.2958984375, 1173.272216796875, 898.9659423828125]}
{"label": "antenna", "probs": 0.5284703373908997, "boxs": [733.4279174804688, 524.2036743164062, 750.3528442382812, 553.841552734375]}
{"label": "wheel", "probs": 0.5237447619438171, "boxs": [1526.1202392578125, 690.5693359375, 1538.65869140625, 728.2445068359375]}
{"label": "signboard", "probs": 0.5202895998954773, "boxs": [975.0177612304688, 338.8161315917969, 1016.3985595703125, 421.2882995605469]}
{"label": "rearview_mirror", "probs": 0.5180525183677673, "boxs": [1263.171875, 693.760009765625, 1303.86572265625, 739.4678955078125]}
{"label": "awning", "probs": 0.5107038617134094, "boxs": [1655.4906005859375, 463.6019287109375, 1689.6029052734375, 498.8905334472656]}
{"label": "wheel", "probs": 0.5037084221839905, "boxs": [1311.8328857421875, 737.0303344726562, 1320.55029296875, 790.6975708007812]}
