{"label": "car_(automobile)", "probs": 0.9122768044471741, "boxs": [1337.95458984375, 632.6988525390625, 1413.427978515625, 664.5821533203125]}
{"label": "car_(automobile)", "probs": 0.9004815220832825, "boxs": [1607.3828125, 598.3695678710938, 1884.6229248046875, 781.8075561523438]}
{"label": "car_(automobile)", "probs": 0.8965097069740295, "boxs": [0.0, 497.7388610839844, 1399.95458984375, 1073.20751953125]}
{"label": "cat", "probs": 0.867062509059906, "boxs": [856.1636962890625, 460.0276794433594, 975.38037109375, 525.080810546875]}
{"label": "car_(automobile)", "probs": 0.8666662573814392, "boxs": [1517.10595703125, 627.1893920898438, 1625.7772216796875, 726.30224609375]}
{"label": "person", "probs": 0.8434578776359558, "boxs": [1479.9464111328125, 610.841552734375, 1516.440673828125, 714.3366088867188]}
{"label": "car_(automobile)", "probs": 0.7757041454315186, "boxs": [1410.5419921875, 633.7817993164062, 1443.921630859375, 675.1431274414062]}
{"label": "bucket", "probs": 0.7526775598526001, "boxs": [1837.50732421875, 779.2945556640625, 1888.570556640625, 827.7632446289062]}
{"label": "car_(automobile)", "probs": 0.7456446886062622, "boxs": [1438.7398681640625, 634.8837280273438, 1470.3289794921875, 682.4600219726562]}
{"label": "car_(automobile)", "probs": 0.725257396697998, "boxs": [1290.2391357421875, 629.5759887695312, 1375.8319091796875, 820.5354614257812]}
{"label": "license_plate", "probs": 0.722723126411438, "boxs": [1760.0855712890625, 718.6307983398438, 1828.576171875, 734.787109375]}
{"label": "car_(automobile)", "probs": 0.7145200967788696, "boxs": [521.88671875, 520.3331909179688, 816.1556396484375, 594.8101196289062]}
{"label": "taillight", "probs": 0.7062655091285706, "boxs": [457.3768310546875, 624.9827270507812, 534.6167602539062, 655.155029296875]}
{"label": "headlight", "probs": 0.7029641270637512, "boxs": [1692.1959228515625, 677.12744140625, 1734.0863037109375, 701.6013793945312]}
{"label": "car_(automobile)", "probs": 0.6750392317771912, "boxs": [1281.0556640625, 608.12451171875, 1351.407958984375, 674.0399780273438]}
{"label": "streetlight", "probs": 0.6661788821220398, "boxs": [1057.66162109375, 5.544690132141113, 1266.4739990234375, 518.7135009765625]}
{"label": "rearview_mirror", "probs": 0.6632620692253113, "boxs": [1172.5408935546875, 481.73675537109375, 1209.302490234375, 566.6098022460938]}
{"label": "rearview_mirror", "probs": 0.6599155068397522, "boxs": [1336.5546875, 695.5335693359375, 1362.5382080078125, 730.34765625]}
{"label": "rearview_mirror", "probs": 0.6570435166358948, "boxs": [1309.4993896484375, 812.3385620117188, 1389.451171875, 974.172607421875]}
{"label": "bucket", "probs": 0.6437362432479858, "boxs": [1883.5753173828125, 798.8671875, 1919.8983154296875, 854.6961669921875]}
{"label": "street_sign", "probs": 0.6424300074577332, "boxs": [1576.3800048828125, 536.4666748046875, 1601.5416259765625, 570.9667358398438]}
{"label": "headlight", "probs": 0.6423525810241699, "boxs": [1844.6243896484375, 681.596923828125, 1877.5806884765625, 706.7238159179688]}
{"label": "wheel", "probs": 0.6363654136657715, "boxs": [1612.5811767578125, 698.3421020507812, 1642.51123046875, 759.2286987304688]}
{"label": "person", "probs": 0.6134117841720581, "boxs": [1510.032958984375, 617.5407104492188, 1536.2659912109375, 684.6007690429688]}
{"label": "antenna", "probs": 0.5932362079620361, "boxs": [842.2644653320312, 503.4089050292969, 857.3024291992188, 536.29931640625]}
{"label": "wheel", "probs": 0.5862345099449158, "boxs": [1580.161376953125, 692.8089599609375, 1593.8138427734375, 740.7940673828125]}
{"label": "billboard", "probs": 0.5848467946052551, "boxs": [1787.845703125, 515.6705932617188, 1919.787353515625, 698.9005737304688]}
{"label": "windshield_wiper", "probs": 0.5833832025527954, "boxs": [1729.484375, 655.9169921875, 1814.83349609375, 663.21728515625]}
{"label": "car_(automobile)", "probs": 0.5711942315101624, "boxs": [1287.7427978515625, 626.63525390625, 1353.6920166015625, 697.1754760742188]}
{"label": "streetlight", "probs": 0.5515516996383667, "boxs": [1217.042236328125, 4.930763244628906, 1266.307373046875, 37.60233688354492]}
{"label": "steering_wheel", "probs": 0.5434041619300842, "boxs": [927.2067260742188, 710.0757446289062, 1044.0538330078125, 741.9508056640625]}
{"label": "wheel", "probs": 0.5360257029533386, "boxs": [1661.89453125, 705.316162109375, 1701.080322265625, 778.2861328125]}
{"label": "wheel", "probs": 0.535801351070404, "boxs": [1582.245361328125, 691.5783081054688, 1604.7657470703125, 742.6199951171875]}
{"label": "rearview_mirror", "probs": 0.5000988841056824, "boxs": [1640.9644775390625, 650.7599487304688, 1663.07421875, 668.2887573242188]}
