{"label": "car_(automobile)", "probs": 0.8967369794845581, "boxs": [573.8668823242188, 469.1857604980469, 1918.0400390625, 1075.6707763671875]}
{"label": "cat", "probs": 0.8848046660423279, "boxs": [1073.6009521484375, 435.0799560546875, 1207.5269775390625, 527.406005859375]}
{"label": "air_conditioner", "probs": 0.8549056053161621, "boxs": [860.2348022460938, 480.2682189941406, 897.962890625, 525.1644287109375]}
{"label": "rearview_mirror", "probs": 0.7266771197319031, "boxs": [532.7648315429688, 938.5421752929688, 641.1522827148438, 1079.9686279296875]}
{"label": "rearview_mirror", "probs": 0.701565682888031, "boxs": [1259.81494140625, 654.5361328125, 1451.2978515625, 719.589599609375]}
{"label": "antenna", "probs": 0.6781572699546814, "boxs": [1307.94482421875, 480.24688720703125, 1334.8641357421875, 558.1773681640625]}
{"label": "streetlight", "probs": 0.6206925511360168, "boxs": [1005.628662109375, 1.1053345203399658, 1213.1361083984375, 529.5150146484375]}
{"label": "awning", "probs": 0.6196925044059753, "boxs": [682.3265380859375, 477.0837707519531, 890.6298217773438, 556.3224487304688]}
{"label": "flowerpot", "probs": 0.6135609745979309, "boxs": [573.1402587890625, 738.7637939453125, 625.177001953125, 805.5205688476562]}
{"label": "curtain", "probs": 0.6107553839683533, "boxs": [1879.855224609375, 326.38916015625, 1905.7813720703125, 349.11529541015625]}
{"label": "awning", "probs": 0.5612617135047913, "boxs": [878.0430908203125, 321.6440124511719, 911.9181518554688, 411.288330078125]}
{"label": "streetlight", "probs": 0.5594106912612915, "boxs": [1167.7493896484375, 0.2713588774204254, 1215.1146240234375, 21.126108169555664]}
{"label": "taillight", "probs": 0.5452869534492493, "boxs": [821.9200439453125, 641.0051879882812, 927.8809204101562, 680.3263549804688]}
{"label": "signboard", "probs": 0.5362465381622314, "boxs": [878.2620239257812, 169.98541259765625, 912.3135375976562, 270.2062072753906]}
{"label": "television_set", "probs": 0.5347709059715271, "boxs": [55.2438850402832, 584.8604736328125, 220.0769805908203, 709.089111328125]}
{"label": "curtain", "probs": 0.5266762375831604, "boxs": [1833.951416015625, 324.5364990234375, 1854.244873046875, 348.2928161621094]}
{"label": "curtain", "probs": 0.5133339166641235, "boxs": [650.6676025390625, 326.1524658203125, 695.5380249023438, 361.8326110839844]}
{"label": "curtain", "probs": 0.5104055404663086, "boxs": [1755.23291015625, 311.312744140625, 1786.808349609375, 352.9999084472656]}
