{"label": "cat", "probs": 0.8945722579956055, "boxs": [1098.0831298828125, 441.9924011230469, 1249.1871337890625, 552.4481201171875]}
{"label": "car_(automobile)", "probs": 0.878092348575592, "boxs": [642.4658203125, 490.45513916015625, 1919.9217529296875, 1078.033935546875]}
{"label": "air_conditioner", "probs": 0.8081314563751221, "boxs": [766.8637084960938, 480.43280029296875, 804.9880981445312, 523.293212890625]}
{"label": "flowerpot", "probs": 0.7106425166130066, "boxs": [539.5066528320312, 662.0994873046875, 570.3785400390625, 684.3643798828125]}
{"label": "rearview_mirror", "probs": 0.7083505988121033, "boxs": [971.0765991210938, 515.8776245117188, 1064.607421875, 644.5892333984375]}
{"label": "flowerpot", "probs": 0.6647666692733765, "boxs": [522.2991333007812, 762.0560302734375, 562.51904296875, 821.2609252929688]}
{"label": "streetlight", "probs": 0.640677809715271, "boxs": [928.9320068359375, 2.8449318408966064, 1145.080810546875, 621.4805297851562]}
{"label": "flowerpot", "probs": 0.6331837177276611, "boxs": [1631.92724609375, 407.40704345703125, 1821.0694580078125, 488.6304626464844]}
{"label": "flowerpot", "probs": 0.6056891679763794, "boxs": [573.2940063476562, 712.1439208984375, 608.1765747070312, 820.4828491210938]}
{"label": "rearview_mirror", "probs": 0.5956926941871643, "boxs": [654.88623046875, 1022.7074584960938, 785.3992309570312, 1079.7257080078125]}
{"label": "rearview_mirror", "probs": 0.5758113265037537, "boxs": [1478.1185302734375, 553.1755981445312, 1508.178955078125, 586.4944458007812]}
{"label": "flowerpot", "probs": 0.5717742443084717, "boxs": [580.9229736328125, 662.2202758789062, 610.9715576171875, 692.8842163085938]}
{"label": "streetlight", "probs": 0.5706658363342285, "boxs": [1091.863037109375, 0.2651735842227936, 1141.2457275390625, 23.13898468017578]}
{"label": "awning", "probs": 0.5693872570991516, "boxs": [1880.417724609375, 188.8955078125, 1919.597900390625, 233.46070861816406]}
{"label": "curtain", "probs": 0.5660178661346436, "boxs": [1743.90380859375, 194.60145568847656, 1770.1014404296875, 238.11988830566406]}
{"label": "bottle", "probs": 0.5481615662574768, "boxs": [707.2721557617188, 810.4895629882812, 729.48681640625, 872.4176635742188]}
{"label": "curtain", "probs": 0.5342904925346375, "boxs": [1749.8809814453125, 334.4756164550781, 1775.0074462890625, 360.5350036621094]}
{"label": "curtain", "probs": 0.5321013331413269, "boxs": [1703.1519775390625, 187.2982177734375, 1737.60595703125, 240.12786865234375]}
{"label": "signboard", "probs": 0.5307939648628235, "boxs": [785.5738525390625, 319.414306640625, 816.65869140625, 389.01348876953125]}
{"label": "flowerpot", "probs": 0.5143662691116333, "boxs": [576.4985961914062, 641.8509521484375, 625.3081665039062, 691.948486328125]}
{"label": "curtain", "probs": 0.5108663439750671, "boxs": [1705.0791015625, 309.24090576171875, 1780.088623046875, 362.0246887207031]}
{"label": "bottle", "probs": 0.5105648636817932, "boxs": [690.3154907226562, 821.3814086914062, 720.4061279296875, 890.623046875]}
