{"label": "person", "probs": 0.9277942776679993, "boxs": [783.8992919921875, 593.9052734375, 843.6510009765625, 782.739013671875]}
{"label": "cat", "probs": 0.9043796062469482, "boxs": [1083.200927734375, 489.8477783203125, 1237.4591064453125, 628.8052368164062]}
{"label": "car_(automobile)", "probs": 0.880259096622467, "boxs": [838.0042724609375, 640.6396484375, 988.3370971679688, 802.704833984375]}
{"label": "car_(automobile)", "probs": 0.8590275049209595, "boxs": [875.2464599609375, 566.3759155273438, 1920.0, 1078.0941162109375]}
{"label": "air_conditioner", "probs": 0.8411403894424438, "boxs": [550.0458374023438, 476.0928649902344, 588.122802734375, 520.2388916015625]}
{"label": "car_(automobile)", "probs": 0.7730317115783691, "boxs": [838.3108520507812, 610.695068359375, 940.28662109375, 691.469482421875]}
{"label": "car_(automobile)", "probs": 0.6869403123855591, "boxs": [859.45556640625, 659.29345703125, 976.552001953125, 941.7655029296875]}
{"label": "windshield_wiper", "probs": 0.6856423616409302, "boxs": [1628.5726318359375, 594.7236938476562, 1711.541748046875, 695.359619140625]}
{"label": "curtain", "probs": 0.6728913187980652, "boxs": [1455.7010498046875, 351.3280944824219, 1485.053955078125, 373.9393005371094]}
{"label": "streetlight", "probs": 0.66706782579422, "boxs": [741.2662353515625, 4.598525524139404, 960.1376342773438, 765.9063720703125]}
{"label": "rearview_mirror", "probs": 0.6648527979850769, "boxs": [836.4109497070312, 691.8269653320312, 855.6943969726562, 705.11669921875]}
{"label": "flowerpot", "probs": 0.6593973636627197, "boxs": [312.4681091308594, 674.3457641601562, 343.20587158203125, 698.149169921875]}
{"label": "rearview_mirror", "probs": 0.639033317565918, "boxs": [865.6466674804688, 763.9600830078125, 896.5043334960938, 814.6737060546875]}
{"label": "curtain", "probs": 0.629547119140625, "boxs": [1450.945068359375, 209.6159210205078, 1483.547607421875, 260.29473876953125]}
{"label": "curtain", "probs": 0.6253542304039001, "boxs": [1491.79052734375, 352.2619934082031, 1513.7408447265625, 374.3214111328125]}
{"label": "air_conditioner", "probs": 0.6216598153114319, "boxs": [1718.2547607421875, 333.2326965332031, 1754.7342529296875, 351.8970031738281]}
{"label": "rearview_mirror", "probs": 0.6043164730072021, "boxs": [839.9876708984375, 669.7416381835938, 848.4930419921875, 686.2884521484375]}
{"label": "signboard", "probs": 0.5982258319854736, "boxs": [566.928955078125, 306.1742858886719, 599.6550903320312, 399.13818359375]}
{"label": "flowerpot", "probs": 0.5945833325386047, "boxs": [1384.6533203125, 417.5192565917969, 1608.2548828125, 546.0110473632812]}
{"label": "headlight", "probs": 0.5944927334785461, "boxs": [862.989990234375, 730.1474609375, 885.3711547851562, 751.4857177734375]}
{"label": "awning", "probs": 0.5910831093788147, "boxs": [392.3130187988281, 477.2374267578125, 591.0735473632812, 550.7561645507812]}
{"label": "television_set", "probs": 0.58780837059021, "boxs": [492.17535400390625, 650.6707763671875, 540.0867919921875, 700.5663452148438]}
{"label": "flowerpot", "probs": 0.585111677646637, "boxs": [287.58355712890625, 791.3237915039062, 341.2536926269531, 892.6189575195312]}
{"label": "curtain", "probs": 0.5642086267471313, "boxs": [1633.862548828125, 323.333984375, 1667.673095703125, 374.9471435546875]}
{"label": "awning", "probs": 0.5616893172264099, "boxs": [1583.9906005859375, 375.7679443359375, 1920.0, 470.6994934082031]}
{"label": "curtain", "probs": 0.5589404106140137, "boxs": [1389.28271484375, 332.299072265625, 1416.6922607421875, 375.13153076171875]}
{"label": "backpack", "probs": 0.5499661564826965, "boxs": [790.36376953125, 620.6102294921875, 818.3023681640625, 687.1900024414062]}
{"label": "curtain", "probs": 0.549932599067688, "boxs": [323.6002197265625, 303.3091735839844, 379.1634826660156, 351.4909362792969]}
{"label": "air_conditioner", "probs": 0.5426746010780334, "boxs": [270.0246276855469, 212.3902587890625, 294.3883361816406, 255.6972198486328]}
{"label": "water_bottle", "probs": 0.5387056469917297, "boxs": [530.8331909179688, 846.2796020507812, 560.2579956054688, 907.7059936523438]}
{"label": "car_(automobile)", "probs": 0.5299960374832153, "boxs": [941.4319458007812, 632.5869140625, 987.56640625, 648.619140625]}
{"label": "curtain", "probs": 0.5278306603431702, "boxs": [1485.8165283203125, 216.3179473876953, 1509.8349609375, 260.54925537109375]}
{"label": "rearview_mirror", "probs": 0.5217810273170471, "boxs": [838.416748046875, 680.0428466796875, 851.8631591796875, 691.3513793945312]}
{"label": "antenna", "probs": 0.5215920805931091, "boxs": [1001.3596801757812, 218.6832275390625, 1015.9551391601562, 318.20556640625]}
{"label": "streetlight", "probs": 0.5132457613945007, "boxs": [908.0255126953125, 0.45001307129859924, 958.1152954101562, 20.743335723876953]}
{"label": "flowerpot", "probs": 0.5075337290763855, "boxs": [351.7237243652344, 804.0279541015625, 398.7776184082031, 871.6763305664062]}
