{"label": "person", "probs": 0.9221251010894775, "boxs": [724.0780029296875, 580.0259399414062, 785.6936645507812, 773.4382934570312]}
{"label": "car_(automobile)", "probs": 0.9151703715324402, "boxs": [773.8134765625, 630.3311157226562, 948.8993530273438, 807.8609619140625]}
{"label": "cat", "probs": 0.9132382273674011, "boxs": [1095.7779541015625, 461.91473388671875, 1267.590576171875, 601.5030517578125]}
{"label": "car_(automobile)", "probs": 0.9038619995117188, "boxs": [812.841064453125, 648.385009765625, 956.758056640625, 1074.994140625]}
{"label": "car_(automobile)", "probs": 0.8766114115715027, "boxs": [883.7802734375, 535.061767578125, 1919.9971923828125, 1078.2484130859375]}
{"label": "air_conditioner", "probs": 0.7980695962905884, "boxs": [478.0057373046875, 460.70703125, 518.4278564453125, 507.582275390625]}
{"label": "car_(automobile)", "probs": 0.7838056683540344, "boxs": [778.16650390625, 601.3086547851562, 878.2792358398438, 678.1700439453125]}
{"label": "windshield_wiper", "probs": 0.7823249697685242, "boxs": [1766.1715087890625, 563.0281372070312, 1877.177001953125, 677.4208984375]}
{"label": "handbag", "probs": 0.7506406903266907, "boxs": [733.9074096679688, 610.18994140625, 756.2940063476562, 673.6692504882812]}
{"label": "headlight", "probs": 0.6867653131484985, "boxs": [806.9160766601562, 720.7278442382812, 836.31689453125, 743.5244140625]}
{"label": "television_set", "probs": 0.6856599450111389, "boxs": [424.8818359375, 634.5548706054688, 481.4171142578125, 694.08544921875]}
{"label": "rearview_mirror", "probs": 0.670717716217041, "boxs": [777.0309448242188, 679.7373657226562, 801.1940307617188, 693.75244140625]}
{"label": "flowerpot", "probs": 0.6683021783828735, "boxs": [232.3418426513672, 665.96484375, 263.3116149902344, 692.1011962890625]}
{"label": "car_(automobile)", "probs": 0.6665733456611633, "boxs": [921.1487426757812, 621.8505249023438, 975.3423461914062, 649.6520385742188]}
{"label": "rearview_mirror", "probs": 0.6320786476135254, "boxs": [782.1950073242188, 658.327392578125, 789.3173217773438, 678.5734252929688]}
{"label": "curtain", "probs": 0.627237856388092, "boxs": [1559.6256103515625, 316.0911560058594, 1590.6947021484375, 366.3346252441406]}
{"label": "flowerpot", "probs": 0.623939573764801, "boxs": [1291.3099365234375, 407.5996398925781, 1518.9537353515625, 542.1239013671875]}
{"label": "air_conditioner", "probs": 0.6011993288993835, "boxs": [1537.59619140625, 481.3251647949219, 1563.98681640625, 502.5877380371094]}
{"label": "rearview_mirror", "probs": 0.6010981202125549, "boxs": [779.1749877929688, 667.291748046875, 792.6340942382812, 682.3453979492188]}
{"label": "awning", "probs": 0.5872297286987305, "boxs": [1224.9652099609375, 84.77619934082031, 1365.1522216796875, 129.1513671875]}
{"label": "curtain", "probs": 0.5797615051269531, "boxs": [1416.5931396484375, 207.42430114746094, 1440.0992431640625, 249.471435546875]}
{"label": "rearview_mirror", "probs": 0.5773938298225403, "boxs": [1825.6871337890625, 635.7275390625, 1876.4527587890625, 680.8425903320312]}
{"label": "water_bottle", "probs": 0.5697759985923767, "boxs": [451.8468933105469, 846.2592163085938, 501.8890380859375, 953.0213623046875]}
{"label": "streetlight", "probs": 0.5490151643753052, "boxs": [778.8993530273438, 441.0154113769531, 795.8643188476562, 449.61761474609375]}
{"label": "rearview_mirror", "probs": 0.5411933064460754, "boxs": [820.0597534179688, 754.2073364257812, 866.514892578125, 810.6870727539062]}
{"label": "flowerpot", "probs": 0.5388600826263428, "boxs": [216.9327392578125, 828.4429931640625, 263.6946105957031, 873.5001220703125]}
{"label": "signboard", "probs": 0.5360010862350464, "boxs": [494.5463562011719, 285.26739501953125, 528.21533203125, 386.3354187011719]}
{"label": "pirate_flag", "probs": 0.5276676416397095, "boxs": [1300.8223876953125, 829.8923950195312, 1482.59130859375, 902.4812622070312]}
{"label": "rearview_mirror", "probs": 0.5270222425460815, "boxs": [898.4100952148438, 784.0003051757812, 918.1881103515625, 797.6300659179688]}
{"label": "lamppost", "probs": 0.5253305435180664, "boxs": [680.2149658203125, 4.417075157165527, 842.1483764648438, 767.5613403320312]}
{"label": "curtain", "probs": 0.5245866179466248, "boxs": [1419.6817626953125, 321.7028503417969, 1443.0645751953125, 365.2216796875]}
{"label": "street_sign", "probs": 0.5180883407592773, "boxs": [1057.0638427734375, 533.61669921875, 1077.4888916015625, 563.1055908203125]}
{"label": "flowerpot", "probs": 0.5125676989555359, "boxs": [284.2132568359375, 801.8500366210938, 332.81658935546875, 876.6945190429688]}
{"label": "curtain", "probs": 0.510371744632721, "boxs": [1383.0882568359375, 201.0078887939453, 1412.57763671875, 251.06204223632812]}
{"label": "water_bottle", "probs": 0.5096418857574463, "boxs": [460.361328125, 845.508544921875, 501.23138427734375, 910.9095458984375]}
{"label": "curtain", "probs": 0.5063686370849609, "boxs": [1297.3604736328125, 436.6312255859375, 1322.240478515625, 477.1308898925781]}
{"label": "car_(automobile)", "probs": 0.5062795281410217, "boxs": [876.1396484375, 620.7183227539062, 945.8135375976562, 651.1251831054688]}
{"label": "car_(automobile)", "probs": 0.5054616332054138, "boxs": [876.4931030273438, 620.527099609375, 931.5779418945312, 635.6178588867188]}
