{"label": "car_(automobile)", "probs": 0.961941659450531, "boxs": [396.3468017578125, 471.6924133300781, 543.1574096679688, 580.0515747070312]}
{"label": "car_(automobile)", "probs": 0.9535630345344543, "boxs": [0.43551066517829895, 490.1719970703125, 191.2898712158203, 567.253173828125]}
{"label": "car_(automobile)", "probs": 0.9183638691902161, "boxs": [335.629150390625, 480.6174011230469, 408.6817321777344, 537.1529541015625]}
{"label": "car_(automobile)", "probs": 0.8598296642303467, "boxs": [313.1465148925781, 488.757568359375, 342.6300964355469, 523.8143920898438]}
{"label": "car_(automobile)", "probs": 0.8395063281059265, "boxs": [118.0680923461914, 487.8795471191406, 195.6312713623047, 525.5964965820312]}
{"label": "car_(automobile)", "probs": 0.799004077911377, "boxs": [0.09380707144737244, 553.5054931640625, 52.38663864135742, 685.812744140625]}
{"label": "car_(automobile)", "probs": 0.7861452698707581, "boxs": [285.5086364746094, 489.56304931640625, 321.319091796875, 515.8878784179688]}
{"label": "taillight", "probs": 0.7095727920532227, "boxs": [0.09382837265729904, 516.5573120117188, 9.389142990112305, 526.820068359375]}
{"label": "car_(automobile)", "probs": 0.6737719774246216, "boxs": [149.57469177246094, 482.9891052246094, 214.35159301757812, 520.7261962890625]}
{"label": "rearview_mirror", "probs": 0.6695618629455566, "boxs": [445.5559997558594, 496.2716979980469, 466.40509033203125, 508.297607421875]}
{"label": "car_(automobile)", "probs": 0.6525776386260986, "boxs": [206.0601806640625, 486.55096435546875, 226.8911590576172, 506.05755615234375]}
{"label": "wheel", "probs": 0.6408700346946716, "boxs": [465.2415771484375, 531.1546020507812, 498.58709716796875, 580.0076904296875]}
{"label": "car_(automobile)", "probs": 0.6248853802680969, "boxs": [251.79954528808594, 486.389404296875, 267.9466552734375, 504.6091003417969]}
{"label": "wheel", "probs": 0.6164199113845825, "boxs": [16.618087768554688, 532.85302734375, 62.03590393066406, 568.9554443359375]}
{"label": "doorknob", "probs": 0.5902301073074341, "boxs": [100.22867584228516, 518.7425537109375, 115.08828735351562, 521.9220581054688]}
{"label": "headlight", "probs": 0.5798347592353821, "boxs": [494.0937194824219, 517.0584106445312, 536.8129272460938, 533.9866943359375]}
{"label": "car_(automobile)", "probs": 0.5794721841812134, "boxs": [266.88336181640625, 486.059814453125, 283.8785400390625, 506.2882385253906]}
{"label": "car_(automobile)", "probs": 0.5732283592224121, "boxs": [229.9326934814453, 489.0165710449219, 237.76519775390625, 501.67431640625]}
{"label": "car_(automobile)", "probs": 0.5701233148574829, "boxs": [280.5323181152344, 489.5790710449219, 306.96759033203125, 512.0250244140625]}
{"label": "wheel", "probs": 0.5660924911499023, "boxs": [400.6439514160156, 518.6829833984375, 420.20220947265625, 553.1742553710938]}
{"label": "wheel", "probs": 0.5521987080574036, "boxs": [154.02870178222656, 524.4638061523438, 181.98744201660156, 552.5684204101562]}
{"label": "wheel", "probs": 0.5499804615974426, "boxs": [356.4678649902344, 511.1963806152344, 371.1330871582031, 537.2659912109375]}
{"label": "air_conditioner", "probs": 0.5147322416305542, "boxs": [360.1392822265625, 419.500732421875, 368.6357421875, 424.6001892089844]}
{"label": "car_(automobile)", "probs": 0.5135800838470459, "boxs": [169.2965087890625, 483.2148132324219, 219.50341796875, 509.6598205566406]}
{"label": "wheel", "probs": 0.5071108937263489, "boxs": [1.3743015188083518e-06, 611.4907836914062, 23.877775192260742, 686.694580078125]}
