{"label": "car_(automobile)", "probs": 0.9648212194442749, "boxs": [411.62890625, 474.7961730957031, 543.6091918945312, 590.7366333007812]}
{"label": "car_(automobile)", "probs": 0.9621438384056091, "boxs": [0.0, 493.41326904296875, 199.3450927734375, 573.8377075195312]}
{"label": "car_(automobile)", "probs": 0.9292665123939514, "boxs": [346.68206787109375, 483.07391357421875, 423.90203857421875, 543.1631469726562]}
{"label": "car_(automobile)", "probs": 0.9001191854476929, "boxs": [324.1021423339844, 491.7245788574219, 353.30792236328125, 527.6032104492188]}
{"label": "car_(automobile)", "probs": 0.8795108199119568, "boxs": [125.29042053222656, 491.0771484375, 203.26065063476562, 530.3707275390625]}
{"label": "car_(automobile)", "probs": 0.8166936635971069, "boxs": [0.0365564189851284, 566.5827026367188, 40.00863265991211, 698.9994506835938]}
{"label": "car_(automobile)", "probs": 0.7557407021522522, "boxs": [260.73016357421875, 488.9658508300781, 277.1622314453125, 506.94378662109375]}
{"label": "car_(automobile)", "probs": 0.719104528427124, "boxs": [275.2008972167969, 489.0902404785156, 295.9102478027344, 508.4399719238281]}
{"label": "car_(automobile)", "probs": 0.7123401761054993, "boxs": [298.5563049316406, 493.68487548828125, 331.8214416503906, 519.2034301757812]}
{"label": "car_(automobile)", "probs": 0.7079443335533142, "boxs": [149.2280731201172, 486.55322265625, 224.69223022460938, 524.2318725585938]}
{"label": "headlight", "probs": 0.7031822204589844, "boxs": [518.842529296875, 522.7171630859375, 543.8203735351562, 541.5169067382812]}
{"label": "car_(automobile)", "probs": 0.6999216079711914, "boxs": [289.6099548339844, 492.8323669433594, 321.26080322265625, 514.6554565429688]}
{"label": "taillight", "probs": 0.6843048930168152, "boxs": [0.02647901140153408, 520.0026245117188, 10.436003684997559, 532.8544921875]}
{"label": "car_(automobile)", "probs": 0.6598147749900818, "boxs": [230.10879516601562, 491.1382141113281, 246.48687744140625, 506.0926818847656]}
{"label": "rearview_mirror", "probs": 0.6538203358650208, "boxs": [464.71954345703125, 501.820068359375, 486.3979797363281, 512.8843994140625]}
{"label": "car_(automobile)", "probs": 0.6519033312797546, "boxs": [216.23899841308594, 489.6592712402344, 236.6003875732422, 508.567138671875]}
{"label": "wheel", "probs": 0.6320269107818604, "boxs": [486.2619934082031, 537.2560424804688, 522.1782836914062, 591.6618041992188]}
{"label": "wheel", "probs": 0.6232770681381226, "boxs": [325.6794738769531, 513.667236328125, 329.16558837890625, 523.4527587890625]}
{"label": "wheel", "probs": 0.6214660406112671, "boxs": [18.09807014465332, 537.5835571289062, 63.689090728759766, 574.8887939453125]}
{"label": "wheel", "probs": 0.6055287718772888, "boxs": [369.2216491699219, 516.82177734375, 385.09405517578125, 542.6593627929688]}
{"label": "grill", "probs": 0.5640282034873962, "boxs": [384.59063720703125, 513.7479858398438, 414.08013916015625, 519.2333374023438]}
{"label": "rearview_mirror", "probs": 0.5436877608299255, "boxs": [143.41038513183594, 512.263916015625, 151.92837524414062, 518.0883178710938]}
{"label": "rearview_mirror", "probs": 0.5418744087219238, "boxs": [362.3069152832031, 497.2003479003906, 369.94390869140625, 503.6373291015625]}
{"label": "wheel", "probs": 0.5407853126525879, "boxs": [414.29327392578125, 522.512939453125, 433.70819091796875, 560.116943359375]}
{"label": "gravestone", "probs": 0.5399078130722046, "boxs": [13.332975387573242, 457.1994934082031, 36.193660736083984, 502.3206481933594]}
{"label": "doorknob", "probs": 0.5367692112922668, "boxs": [104.12895965576172, 521.006103515625, 120.23115539550781, 525.0048828125]}
{"label": "wheel", "probs": 0.5273727178573608, "boxs": [160.4297332763672, 528.2181396484375, 189.0247039794922, 558.29638671875]}
{"label": "doorknob", "probs": 0.5216967463493347, "boxs": [49.365604400634766, 520.310791015625, 67.82464599609375, 523.127685546875]}
{"label": "license_plate", "probs": 0.5157248377799988, "boxs": [399.14495849609375, 525.3831787109375, 412.9346923828125, 532.7532958984375]}
{"label": "person", "probs": 0.5061371922492981, "boxs": [240.40548706054688, 491.3218994140625, 247.944580078125, 508.0626525878906]}
