{"label": "car_(automobile)", "probs": 0.9643496870994568, "boxs": [408.9060974121094, 484.2676696777344, 543.5960083007812, 605.0252685546875]}
{"label": "car_(automobile)", "probs": 0.9468575716018677, "boxs": [0.44000735878944397, 497.1794738769531, 187.15924072265625, 582.568359375]}
{"label": "car_(automobile)", "probs": 0.9222896695137024, "boxs": [340.3491516113281, 490.09747314453125, 418.33953857421875, 552.4973754882812]}
{"label": "car_(automobile)", "probs": 0.9016245007514954, "boxs": [317.65643310546875, 498.7481384277344, 347.0692138671875, 536.7545166015625]}
{"label": "car_(automobile)", "probs": 0.8681329488754272, "boxs": [110.60143280029297, 497.07049560546875, 192.36932373046875, 539.1885375976562]}
{"label": "car_(automobile)", "probs": 0.79564368724823, "boxs": [281.1575927734375, 499.3652038574219, 304.5037536621094, 523.6682739257812]}
{"label": "car_(automobile)", "probs": 0.7940895557403564, "boxs": [291.8518981933594, 499.7618713378906, 323.5157775878906, 528.6398315429688]}
{"label": "car_(automobile)", "probs": 0.7318864464759827, "boxs": [252.88150024414062, 496.1081237792969, 267.7554626464844, 515.7230224609375]}
{"label": "car_(automobile)", "probs": 0.6733145117759705, "boxs": [147.99940490722656, 491.4881591796875, 214.31405639648438, 530.0968017578125]}
{"label": "car_(automobile)", "probs": 0.6648440957069397, "boxs": [206.35980224609375, 495.6214904785156, 226.91749572753906, 516.7796020507812]}
{"label": "rearview_mirror", "probs": 0.6567092537879944, "boxs": [466.2085876464844, 509.21856689453125, 489.57330322265625, 522.8472900390625]}
{"label": "wheel", "probs": 0.6484251618385315, "boxs": [0.22215034067630768, 543.5059814453125, 43.704837799072266, 582.9989013671875]}
{"label": "car_(automobile)", "probs": 0.6452807188034058, "boxs": [270.41729736328125, 497.4570617675781, 288.42022705078125, 517.8902587890625]}
{"label": "wheel", "probs": 0.6350871324539185, "boxs": [362.8556213378906, 525.7713623046875, 379.8522033691406, 551.9733276367188]}
{"label": "wheel", "probs": 0.6190912127494812, "boxs": [488.73382568359375, 548.5075073242188, 526.363037109375, 604.8794555664062]}
{"label": "license_plate", "probs": 0.6048792004585266, "boxs": [394.68414306640625, 536.3766479492188, 409.0212097167969, 542.8820190429688]}
{"label": "wheel", "probs": 0.5782536864280701, "boxs": [410.8880920410156, 532.2301025390625, 431.0294189453125, 570.8508911132812]}
{"label": "wheel", "probs": 0.5718490481376648, "boxs": [144.44088745117188, 536.605712890625, 176.2125244140625, 565.9959106445312]}
{"label": "street_sign", "probs": 0.5586662292480469, "boxs": [77.32395935058594, 473.880126953125, 90.51280975341797, 498.187255859375]}
{"label": "doorknob", "probs": 0.5556900501251221, "boxs": [90.27294158935547, 529.3585815429688, 103.58600616455078, 532.883056640625]}
{"label": "car_(automobile)", "probs": 0.5078156590461731, "boxs": [189.26116943359375, 494.0327453613281, 221.193603515625, 519.2330322265625]}
