{"label": "car_(automobile)", "probs": 0.9615445733070374, "boxs": [395.44085693359375, 499.97589111328125, 543.9995727539062, 628.4190063476562]}
{"label": "car_(automobile)", "probs": 0.9452736377716064, "boxs": [0.7204583287239075, 516.5735473632812, 166.19639587402344, 604.7508544921875]}
{"label": "car_(automobile)", "probs": 0.9333480000495911, "boxs": [325.11810302734375, 506.9006652832031, 406.34112548828125, 571.364990234375]}
{"label": "car_(automobile)", "probs": 0.9147418737411499, "boxs": [87.267578125, 513.5718994140625, 171.28968811035156, 561.313232421875]}
{"label": "car_(automobile)", "probs": 0.874130368232727, "boxs": [300.4277648925781, 515.8258056640625, 333.07867431640625, 554.8851928710938]}
{"label": "car_(automobile)", "probs": 0.7556615471839905, "boxs": [272.58197021484375, 517.4580078125, 306.3222961425781, 546.3138427734375]}
{"label": "car_(automobile)", "probs": 0.6859278082847595, "boxs": [141.14698791503906, 510.7689514160156, 193.9896240234375, 550.5485229492188]}
{"label": "car_(automobile)", "probs": 0.6530874371528625, "boxs": [187.54624938964844, 513.77197265625, 208.86529541015625, 534.501220703125]}
{"label": "car_(automobile)", "probs": 0.6410839557647705, "boxs": [263.84783935546875, 516.8955078125, 297.17767333984375, 540.8654174804688]}
{"label": "car_(automobile)", "probs": 0.6360208988189697, "boxs": [247.88107299804688, 513.4058837890625, 269.0415344238281, 534.3854370117188]}
{"label": "wheel", "probs": 0.6317975521087646, "boxs": [486.0057373046875, 570.2097778320312, 525.75537109375, 629.5634765625]}
{"label": "car_(automobile)", "probs": 0.6167052388191223, "boxs": [233.01817321777344, 513.7100219726562, 250.78887939453125, 532.7333984375]}
{"label": "rearview_mirror", "probs": 0.6086767315864563, "boxs": [458.0469970703125, 528.18115234375, 473.8049011230469, 541.0953369140625]}
{"label": "wheel", "probs": 0.5813988447189331, "boxs": [400.6596984863281, 551.6464233398438, 421.7749328613281, 591.4520263671875]}
{"label": "wheel", "probs": 0.5607001185417175, "boxs": [348.6633605957031, 545.1139526367188, 367.3299560546875, 571.4207763671875]}
{"label": "wheel", "probs": 0.5498674511909485, "boxs": [120.56126403808594, 556.9522705078125, 154.17095947265625, 589.367919921875]}
{"label": "headlight", "probs": 0.5496353507041931, "boxs": [520.8739013671875, 553.7567138671875, 543.7427368164062, 572.4193725585938]}
{"label": "wheel", "probs": 0.5442825555801392, "boxs": [312.5693664550781, 541.3096313476562, 317.077392578125, 554.9044189453125]}
{"label": "wheel", "probs": 0.5400636196136475, "boxs": [0.06717929244041443, 573.85107421875, 9.783238410949707, 605.3641357421875]}
{"label": "car_(automobile)", "probs": 0.5144624710083008, "boxs": [197.95440673828125, 514.3394165039062, 210.73484802246094, 532.6792602539062]}
