{"label": "car_(automobile)", "probs": 0.9558890461921692, "boxs": [401.28277587890625, 492.3907470703125, 543.7892456054688, 624.4584350585938]}
{"label": "car_(automobile)", "probs": 0.9171697497367859, "boxs": [0.49019137024879456, 512.3167724609375, 162.16998291015625, 599.5416870117188]}
{"label": "car_(automobile)", "probs": 0.9112899303436279, "boxs": [326.12127685546875, 499.9321594238281, 409.6754150390625, 565.5107421875]}
{"label": "car_(automobile)", "probs": 0.899537205696106, "boxs": [301.9321594238281, 509.3451232910156, 335.6891174316406, 548.5105590820312]}
{"label": "car_(automobile)", "probs": 0.8943305015563965, "boxs": [79.76748657226562, 510.1806640625, 169.2688751220703, 558.7628173828125]}
{"label": "car_(automobile)", "probs": 0.8212758898735046, "boxs": [275.1417541503906, 512.0491333007812, 310.77728271484375, 539.5538940429688]}
{"label": "car_(automobile)", "probs": 0.756991982460022, "boxs": [132.13134765625, 504.3712158203125, 191.2761688232422, 545.336181640625]}
{"label": "car_(automobile)", "probs": 0.6873557567596436, "boxs": [264.8779602050781, 510.57550048828125, 291.44793701171875, 535.0451049804688]}
{"label": "car_(automobile)", "probs": 0.646763026714325, "boxs": [199.68743896484375, 508.97589111328125, 221.61135864257812, 526.486083984375]}
{"label": "car_(automobile)", "probs": 0.6407195925712585, "boxs": [251.0803985595703, 507.3451232910156, 271.64849853515625, 527.9523315429688]}
{"label": "car_(automobile)", "probs": 0.6297048330307007, "boxs": [186.96681213378906, 508.2885437011719, 209.32884216308594, 528.67919921875]}
{"label": "rearview_mirror", "probs": 0.6291186213493347, "boxs": [466.86883544921875, 520.101806640625, 484.9658203125, 532.5715942382812]}
{"label": "wheel", "probs": 0.6277801394462585, "boxs": [495.5151062011719, 561.8595581054688, 542.9324340820312, 625.7169189453125]}
{"label": "wheel", "probs": 0.5910918116569519, "boxs": [351.16522216796875, 536.385009765625, 369.0529479980469, 565.0538330078125]}
{"label": "doorknob", "probs": 0.5852822661399841, "boxs": [48.81809616088867, 546.7175903320312, 69.2336196899414, 550.1135864257812]}
{"label": "wheel", "probs": 0.5765453577041626, "boxs": [116.56784057617188, 552.3818969726562, 150.6819610595703, 586.6871337890625]}
{"label": "wheel", "probs": 0.5755411982536316, "boxs": [403.696044921875, 543.786376953125, 428.2596740722656, 585.5169067382812]}
{"label": "headlight", "probs": 0.5608025193214417, "boxs": [394.84442138671875, 533.7730102539062, 403.0669250488281, 539.9144287109375]}
{"label": "rearview_mirror", "probs": 0.5328648686408997, "boxs": [342.6092834472656, 515.7144165039062, 351.64190673828125, 523.61572265625]}
{"label": "car_(automobile)", "probs": 0.5168275833129883, "boxs": [229.87086486816406, 509.005126953125, 236.73660278320312, 518.7845458984375]}
