{"label": "car_(automobile)", "probs": 0.964384138584137, "boxs": [418.011474609375, 487.6722717285156, 543.668212890625, 624.637451171875]}
{"label": "car_(automobile)", "probs": 0.9519606828689575, "boxs": [0.5389130711555481, 509.00189208984375, 169.75607299804688, 600.0486450195312]}
{"label": "car_(automobile)", "probs": 0.8979569673538208, "boxs": [338.4939880371094, 494.08807373046875, 427.3776550292969, 561.2091064453125]}
{"label": "car_(automobile)", "probs": 0.8930374979972839, "boxs": [84.34813690185547, 505.1826477050781, 179.69528198242188, 558.072998046875]}
{"label": "car_(automobile)", "probs": 0.8790061473846436, "boxs": [314.75604248046875, 504.0940246582031, 347.83880615234375, 543.0478515625]}
{"label": "car_(automobile)", "probs": 0.761317789554596, "boxs": [136.34719848632812, 499.1448059082031, 203.46560668945312, 540.5903930664062]}
{"label": "rearview_mirror", "probs": 0.7215515971183777, "boxs": [489.40008544921875, 516.3472900390625, 505.3330993652344, 529.3858032226562]}
{"label": "car_(automobile)", "probs": 0.7174593210220337, "boxs": [198.6875457763672, 502.4220275878906, 223.00216674804688, 524.1614990234375]}
{"label": "car_(automobile)", "probs": 0.7028593420982361, "boxs": [286.31781005859375, 506.27984619140625, 322.3861389160156, 534.651611328125]}
{"label": "car_(automobile)", "probs": 0.7015683054924011, "boxs": [276.9775695800781, 504.95318603515625, 305.414306640625, 529.1497192382812]}
{"label": "wheel", "probs": 0.6471669673919678, "boxs": [523.1348266601562, 561.21728515625, 543.8416137695312, 626.4385375976562]}
{"label": "car_(automobile)", "probs": 0.6322011351585388, "boxs": [245.65892028808594, 501.41705322265625, 264.6520690917969, 521.5879516601562]}
{"label": "car_(automobile)", "probs": 0.5994957685470581, "boxs": [261.9725341796875, 500.154296875, 281.9501647949219, 521.9840698242188]}
{"label": "wheel", "probs": 0.5959427952766418, "boxs": [123.1098861694336, 549.301513671875, 159.28211975097656, 583.8884887695312]}
{"label": "awning", "probs": 0.5763100981712341, "boxs": [436.4060363769531, 467.5849304199219, 504.64404296875, 482.007080078125]}
{"label": "wheel", "probs": 0.5750791430473328, "boxs": [421.8854064941406, 540.6455688476562, 445.26507568359375, 583.919677734375]}
{"label": "wheel", "probs": 0.555745005607605, "boxs": [365.0162353515625, 532.0194702148438, 384.65692138671875, 561.2173461914062]}
{"label": "doorknob", "probs": 0.5208351612091064, "boxs": [0.08082988858222961, 541.9453125, 7.936302661895752, 546.7675170898438]}
