{"label": "car_(automobile)", "probs": 0.9551601409912109, "boxs": [417.8027038574219, 486.46630859375, 544.0, 620.970458984375]}
{"label": "car_(automobile)", "probs": 0.9248331189155579, "boxs": [0.6067211627960205, 511.572265625, 161.87591552734375, 601.6569213867188]}
{"label": "car_(automobile)", "probs": 0.9173363447189331, "boxs": [66.53592681884766, 507.1841125488281, 172.12803649902344, 568.17041015625]}
{"label": "car_(automobile)", "probs": 0.9034237861633301, "boxs": [335.81005859375, 495.4141540527344, 424.9414978027344, 563.5525512695312]}
{"label": "car_(automobile)", "probs": 0.9019356369972229, "boxs": [308.5740661621094, 505.5984802246094, 343.00286865234375, 545.9051513671875]}
{"label": "car_(automobile)", "probs": 0.7676408886909485, "boxs": [271.3392639160156, 507.3616943359375, 300.08538818359375, 531.6905517578125]}
{"label": "car_(automobile)", "probs": 0.7451103329658508, "boxs": [191.8484649658203, 505.5285949707031, 215.76170349121094, 526.6871948242188]}
{"label": "car_(automobile)", "probs": 0.7271431088447571, "boxs": [283.8427734375, 514.0439453125, 315.4178466796875, 536.5697021484375]}
{"label": "rearview_mirror", "probs": 0.7088671326637268, "boxs": [496.748046875, 515.8218383789062, 513.734130859375, 529.0838012695312]}
{"label": "car_(automobile)", "probs": 0.6989691257476807, "boxs": [120.93891906738281, 502.7972717285156, 199.17218017578125, 542.9185791015625]}
{"label": "car_(automobile)", "probs": 0.6904023885726929, "boxs": [258.3201904296875, 503.9252014160156, 278.3464050292969, 525.3507080078125]}
{"label": "car_(automobile)", "probs": 0.6463074684143066, "boxs": [240.05911254882812, 504.0522766113281, 257.9812316894531, 523.5375366210938]}
{"label": "doorknob", "probs": 0.6196383833885193, "boxs": [41.692420959472656, 547.7156372070312, 57.03099060058594, 551.0238647460938]}
{"label": "wheel", "probs": 0.6085585951805115, "boxs": [110.66427612304688, 553.2445068359375, 149.48704528808594, 589.6259765625]}
{"label": "wheel", "probs": 0.5921611785888672, "boxs": [363.00128173828125, 534.0145263671875, 382.07904052734375, 563.6641235351562]}
{"label": "headlight", "probs": 0.5829821228981018, "boxs": [414.1268615722656, 530.627197265625, 420.8621520996094, 537.4224853515625]}
{"label": "car_(automobile)", "probs": 0.5673060417175293, "boxs": [209.11302185058594, 505.4512634277344, 226.01995849609375, 524.6505737304688]}
{"label": "wheel", "probs": 0.5665490031242371, "boxs": [532.4181518554688, 567.6871948242188, 543.4047241210938, 620.6019287109375]}
{"label": "wheel", "probs": 0.5611691474914551, "boxs": [422.0306701660156, 542.064697265625, 451.5415954589844, 587.7470092773438]}
{"label": "headlight", "probs": 0.5485677719116211, "boxs": [378.8287048339844, 528.6458740234375, 413.8094787597656, 537.8543701171875]}
{"label": "pole", "probs": 0.5359260439872742, "boxs": [287.6351623535156, 500.2474060058594, 292.0110168457031, 508.91241455078125]}
{"label": "grill", "probs": 0.5341128706932068, "boxs": [375.87152099609375, 527.6512451171875, 414.58477783203125, 537.9393920898438]}
{"label": "awning", "probs": 0.5285350680351257, "boxs": [432.01605224609375, 468.55975341796875, 499.2537536621094, 481.0008850097656]}
