{"label": "car_(automobile)", "probs": 0.9519428014755249, "boxs": [420.5807189941406, 478.1576843261719, 542.9990234375, 602.9033203125]}
{"label": "car_(automobile)", "probs": 0.9338068962097168, "boxs": [0.5298207402229309, 506.4270935058594, 154.84310913085938, 601.1586303710938]}
{"label": "car_(automobile)", "probs": 0.8547728657722473, "boxs": [334.65899658203125, 489.46368408203125, 428.8398742675781, 559.9754638671875]}
{"label": "car_(automobile)", "probs": 0.8528760075569153, "boxs": [306.7988586425781, 497.90765380859375, 342.6786804199219, 541.4493408203125]}
{"label": "car_(automobile)", "probs": 0.8512387275695801, "boxs": [60.29939270019531, 502.80548095703125, 168.72677612304688, 559.1213989257812]}
{"label": "car_(automobile)", "probs": 0.7591617703437805, "boxs": [185.7364959716797, 499.78875732421875, 210.08877563476562, 521.3931274414062]}
{"label": "car_(automobile)", "probs": 0.7476006150245667, "boxs": [206.3777313232422, 501.1376953125, 223.64129638671875, 519.6537475585938]}
{"label": "car_(automobile)", "probs": 0.7350373864173889, "boxs": [109.80550384521484, 497.15643310546875, 189.57106018066406, 539.1109008789062]}
{"label": "car_(automobile)", "probs": 0.7253679037094116, "boxs": [237.30010986328125, 498.1982421875, 254.4097137451172, 517.5952758789062]}
{"label": "car_(automobile)", "probs": 0.7091581225395203, "boxs": [266.5143127441406, 500.5361022949219, 294.4009704589844, 525.279296875]}
{"label": "car_(automobile)", "probs": 0.6865637898445129, "boxs": [276.031494140625, 504.3299255371094, 309.9053955078125, 531.5726318359375]}
{"label": "car_(automobile)", "probs": 0.6344893574714661, "boxs": [141.3297576904297, 494.78460693359375, 195.0404052734375, 528.1954345703125]}
{"label": "awning", "probs": 0.6336541175842285, "boxs": [430.58734130859375, 460.4222412109375, 501.05609130859375, 476.4123229980469]}
{"label": "rearview_mirror", "probs": 0.6255487203598022, "boxs": [507.0631103515625, 509.67822265625, 526.9129638671875, 523.6054077148438]}
{"label": "wheel", "probs": 0.6138084530830383, "boxs": [361.60809326171875, 528.8505859375, 382.4224548339844, 559.8865966796875]}
{"label": "car_(automobile)", "probs": 0.6123874187469482, "boxs": [252.4971923828125, 497.9121398925781, 271.4720458984375, 519.176513671875]}
{"label": "wheel", "probs": 0.571675717830658, "boxs": [425.72467041015625, 538.5284423828125, 450.9971923828125, 583.6903686523438]}
{"label": "headlight", "probs": 0.5484265685081482, "boxs": [414.8602600097656, 525.21240234375, 423.8674011230469, 531.9683227539062]}
{"label": "air_conditioner", "probs": 0.5328850746154785, "boxs": [352.5619812011719, 401.7922058105469, 357.9126281738281, 407.29833984375]}
{"label": "doorknob", "probs": 0.5143296122550964, "boxs": [24.33321762084961, 544.4561157226562, 44.48951721191406, 548.1400146484375]}
{"label": "wheel", "probs": 0.5119540095329285, "boxs": [101.46052551269531, 550.1427612304688, 141.59068298339844, 587.39697265625]}
{"label": "air_conditioner", "probs": 0.5115561485290527, "boxs": [348.0273132324219, 367.5115051269531, 356.69110107421875, 375.5534973144531]}
{"label": "wheel", "probs": 0.5078587532043457, "boxs": [175.40069580078125, 523.3233032226562, 184.54702758789062, 538.1399536132812]}
