{"label": "car_(automobile)", "probs": 0.9527975916862488, "boxs": [450.9057312011719, 478.6626281738281, 543.793212890625, 596.9488525390625]}
{"label": "car_(automobile)", "probs": 0.9473313093185425, "boxs": [0.794016420841217, 504.2217102050781, 171.21087646484375, 598.6771240234375]}
{"label": "car_(automobile)", "probs": 0.9157067537307739, "boxs": [355.76348876953125, 488.3923034667969, 458.4366760253906, 562.10498046875]}
{"label": "car_(automobile)", "probs": 0.9022021293640137, "boxs": [73.50494384765625, 499.7733459472656, 184.7615966796875, 558.4917602539062]}
{"label": "car_(automobile)", "probs": 0.8901306986808777, "boxs": [327.1422424316406, 498.0243225097656, 364.7948913574219, 540.5797119140625]}
{"label": "car_(automobile)", "probs": 0.8630670309066772, "boxs": [300.31744384765625, 508.93316650390625, 330.31402587890625, 531.4125366210938]}
{"label": "car_(automobile)", "probs": 0.791536271572113, "boxs": [128.77232360839844, 495.951416015625, 211.1849822998047, 537.6478271484375]}
{"label": "car_(automobile)", "probs": 0.7194027900695801, "boxs": [288.2745666503906, 500.42449951171875, 318.36181640625, 524.06201171875]}
{"label": "car_(automobile)", "probs": 0.7017160654067993, "boxs": [205.37966918945312, 497.73785400390625, 229.52577209472656, 519.1082763671875]}
{"label": "car_(automobile)", "probs": 0.7010766863822937, "boxs": [273.2460021972656, 497.29388427734375, 295.7380065917969, 517.7778930664062]}
{"label": "car_(automobile)", "probs": 0.6802929043769836, "boxs": [257.4649963378906, 497.4151611328125, 274.7314758300781, 515.3562622070312]}
{"label": "car_(automobile)", "probs": 0.6775940656661987, "boxs": [222.11795043945312, 498.2416687011719, 242.8777313232422, 516.6217651367188]}
{"label": "car_(automobile)", "probs": 0.6563284993171692, "boxs": [152.67498779296875, 492.6261291503906, 215.45611572265625, 526.2798461914062]}
{"label": "car_(automobile)", "probs": 0.649951159954071, "boxs": [254.30856323242188, 498.4491882324219, 260.19189453125, 507.6891784667969]}
{"label": "awning", "probs": 0.633827269077301, "boxs": [456.06854248046875, 459.83575439453125, 530.0612182617188, 474.4078674316406]}
{"label": "headlight", "probs": 0.633663535118103, "boxs": [442.50732421875, 525.8362426757812, 453.0196533203125, 534.0665893554688]}
{"label": "doorknob", "probs": 0.628084123134613, "boxs": [38.009254455566406, 542.6983642578125, 57.413490295410156, 546.1638793945312]}
{"label": "wheel", "probs": 0.594113826751709, "boxs": [386.27203369140625, 528.9957885742188, 409.88787841796875, 561.9039306640625]}
{"label": "grill", "probs": 0.5715598464012146, "boxs": [400.69891357421875, 523.1953125, 450.22637939453125, 533.3823852539062]}
{"label": "postbox_(public)", "probs": 0.5667116045951843, "boxs": [55.43792724609375, 474.9472961425781, 72.39814758300781, 510.316650390625]}
{"label": "wheel", "probs": 0.5591553449630737, "boxs": [114.91007995605469, 547.5036010742188, 157.85789489746094, 588.326171875]}
{"label": "wheel", "probs": 0.5522386431694031, "boxs": [454.8152160644531, 540.5758056640625, 486.1549987792969, 589.9412231445312]}
{"label": "rearview_mirror", "probs": 0.5443766117095947, "boxs": [88.18012237548828, 528.6865844726562, 106.3184585571289, 536.8380126953125]}
{"label": "signboard", "probs": 0.5181800127029419, "boxs": [281.96221923828125, 374.1585693359375, 299.1723327636719, 437.2823791503906]}
{"label": "rearview_mirror", "probs": 0.5036908984184265, "boxs": [377.3128356933594, 505.349853515625, 386.28936767578125, 514.6212768554688]}
