{"label": "car_(automobile)", "probs": 0.937260091304779, "boxs": [818.8724975585938, 528.814453125, 1008.3724975585938, 664.8943481445312]}
{"label": "bicycle", "probs": 0.9245222210884094, "boxs": [195.96507263183594, 583.0658569335938, 321.1238708496094, 657.939697265625]}
{"label": "person", "probs": 0.9112929701805115, "boxs": [366.70074462890625, 527.9454345703125, 446.739013671875, 653.7188720703125]}
{"label": "car_(automobile)", "probs": 0.9029505252838135, "boxs": [569.6594848632812, 539.6871948242188, 674.3928833007812, 611.5029296875]}
{"label": "dog", "probs": 0.8920283913612366, "boxs": [982.8590087890625, 824.40380859375, 1167.0574951171875, 1080.0]}
{"label": "motorcycle", "probs": 0.8502514958381653, "boxs": [354.337646484375, 569.7791748046875, 445.55267333984375, 674.8016357421875]}
{"label": "truck", "probs": 0.799025297164917, "boxs": [693.8491821289062, 489.728515625, 824.1619873046875, 606.3883666992188]}
{"label": "awning", "probs": 0.7748345136642456, "boxs": [1095.156494140625, 438.02008056640625, 1203.4937744140625, 490.7854919433594]}
{"label": "license_plate", "probs": 0.7461159825325012, "boxs": [879.3231811523438, 624.6547241210938, 913.5301513671875, 639.5887451171875]}
{"label": "vent", "probs": 0.7390341758728027, "boxs": [1426.140869140625, 710.843994140625, 1472.9266357421875, 814.5514526367188]}
{"label": "trash_can", "probs": 0.7336925268173218, "boxs": [1397.50341796875, 595.922607421875, 1657.2220458984375, 937.774169921875]}
{"label": "person", "probs": 0.7324433326721191, "boxs": [1043.316162109375, 521.7149047851562, 1069.9473876953125, 591.3650512695312]}
{"label": "signboard", "probs": 0.7278358340263367, "boxs": [1311.6536865234375, 210.39675903320312, 1546.3927001953125, 455.18768310546875]}
{"label": "awning", "probs": 0.7115456461906433, "boxs": [1.98096764087677, 395.8006896972656, 316.0646057128906, 449.177978515625]}
{"label": "signboard", "probs": 0.7103424668312073, "boxs": [1695.6912841796875, 76.85283660888672, 1920.0, 329.7890625]}
{"label": "plastic_bag", "probs": 0.6915539503097534, "boxs": [1635.231689453125, 508.4661865234375, 1818.105712890625, 616.7308349609375]}
{"label": "refrigerator", "probs": 0.6889733076095581, "boxs": [1620.525390625, 606.047119140625, 1919.9921875, 1007.16748046875]}
{"label": "awning", "probs": 0.687183678150177, "boxs": [970.8980712890625, 0.97319096326828, 1545.1864013671875, 415.2710876464844]}
{"label": "awning", "probs": 0.6818022131919861, "boxs": [152.4644317626953, 412.8995666503906, 314.453857421875, 448.8382263183594]}
{"label": "license_plate", "probs": 0.6806827783584595, "boxs": [733.3355102539062, 577.3956298828125, 754.9418334960938, 588.7119140625]}
{"label": "banner", "probs": 0.6651057004928589, "boxs": [223.3868865966797, 513.2557373046875, 261.60211181640625, 602.0821533203125]}
{"label": "signboard", "probs": 0.6643615961074829, "boxs": [1054.596923828125, 455.5169982910156, 1106.0380859375, 501.9813537597656]}
{"label": "taillight", "probs": 0.646324098110199, "boxs": [574.7385864257812, 566.1607666015625, 583.5110473632812, 578.0166625976562]}
{"label": "street_sign", "probs": 0.6455668807029724, "boxs": [1051.855712890625, 410.2159729003906, 1093.8994140625, 440.1356201171875]}
{"label": "manhole", "probs": 0.6443353295326233, "boxs": [573.0933837890625, 923.0980224609375, 824.3951416015625, 993.241455078125]}
{"label": "signboard", "probs": 0.6411244869232178, "boxs": [417.67822265625, 466.3675842285156, 473.03125, 494.375]}
{"label": "awning", "probs": 0.6361148953437805, "boxs": [311.3272399902344, 451.6779479980469, 406.45733642578125, 566.3681030273438]}
{"label": "telephone_pole", "probs": 0.6353619694709778, "boxs": [90.63954162597656, 3.984060287475586, 150.98812866210938, 695.9656982421875]}
{"label": "headlight", "probs": 0.632827877998352, "boxs": [948.4721069335938, 598.7906494140625, 981.9827880859375, 616.0903930664062]}
{"label": "wheel", "probs": 0.6309101581573486, "boxs": [644.8842163085938, 580.3366088867188, 655.9531860351562, 607.1520385742188]}
{"label": "motorcycle", "probs": 0.615358293056488, "boxs": [1032.1318359375, 555.484619140625, 1072.8253173828125, 592.343017578125]}
{"label": "person", "probs": 0.5952484607696533, "boxs": [1015.2047119140625, 536.6357421875, 1030.39208984375, 587.5557250976562]}
{"label": "flowerpot", "probs": 0.5898205041885376, "boxs": [20.753896713256836, 587.734375, 72.28825378417969, 655.0648803710938]}
{"label": "awning", "probs": 0.5890320539474487, "boxs": [426.59466552734375, 445.4691162109375, 523.7136840820312, 474.07427978515625]}
{"label": "headlight", "probs": 0.5881040692329407, "boxs": [825.4344482421875, 587.8067016601562, 850.5886840820312, 609.39208984375]}
{"label": "wheel", "probs": 0.5807931423187256, "boxs": [273.73260498046875, 608.25341796875, 320.05572509765625, 656.4402465820312]}
{"label": "headlight", "probs": 0.5785468220710754, "boxs": [821.7447509765625, 623.173095703125, 835.8884887695312, 638.3118286132812]}
{"label": "trash_can", "probs": 0.5700139999389648, "boxs": [1257.8648681640625, 562.38818359375, 1318.1075439453125, 676.6326293945312]}
{"label": "vending_machine", "probs": 0.5677335262298584, "boxs": [1116.4814453125, 493.1934814453125, 1162.5711669921875, 610.03271484375]}
{"label": "awning", "probs": 0.5664064884185791, "boxs": [307.2862548828125, 433.2393493652344, 429.11834716796875, 464.5297546386719]}
{"label": "flag", "probs": 0.5624790787696838, "boxs": [1867.867431640625, 134.15121459960938, 1909.1392822265625, 171.83511352539062]}
{"label": "windshield_wiper", "probs": 0.546268880367279, "boxs": [876.6864624023438, 565.8541259765625, 913.4912109375, 571.010986328125]}
{"label": "car_(automobile)", "probs": 0.5401811003684998, "boxs": [825.3162841796875, 542.3984985351562, 852.7462768554688, 571.7614135742188]}
{"label": "person", "probs": 0.53273606300354, "boxs": [1047.2998046875, 522.8244018554688, 1067.3370361328125, 567.2321166992188]}
{"label": "wheel", "probs": 0.5261676907539368, "boxs": [574.2672729492188, 599.2858276367188, 586.5360107421875, 612.309814453125]}
{"label": "motorcycle", "probs": 0.5248844027519226, "boxs": [988.8345947265625, 550.896484375, 1021.473388671875, 600.1395874023438]}
{"label": "handbag", "probs": 0.5244230628013611, "boxs": [1485.5302734375, 914.6700439453125, 1555.512939453125, 952.073486328125]}
{"label": "person", "probs": 0.5187567472457886, "boxs": [1024.2200927734375, 532.2777099609375, 1049.1820068359375, 588.8339233398438]}
{"label": "helmet", "probs": 0.5183848142623901, "boxs": [386.51953125, 528.5489501953125, 406.2931823730469, 549.815673828125]}
{"label": "telephone_pole", "probs": 0.5017514228820801, "boxs": [804.0968627929688, 283.2349853515625, 858.475341796875, 411.9211730957031]}
