{"label": "person", "probs": 0.96173495054245, "boxs": [1205.4100341796875, 430.469482421875, 1406.163330078125, 993.8749389648438]}
{"label": "person", "probs": 0.9355112314224243, "boxs": [811.7025756835938, 398.7978515625, 1007.6640014648438, 999.7037963867188]}
{"label": "person", "probs": 0.9309561848640442, "boxs": [444.4501647949219, 364.62347412109375, 619.3223876953125, 938.3667602539062]}
{"label": "person", "probs": 0.9257391691207886, "boxs": [612.1651611328125, 421.37200927734375, 772.2628784179688, 895.1194458007812]}
{"label": "person", "probs": 0.9157320261001587, "boxs": [1033.537109375, 490.30377197265625, 1102.8365478515625, 723.7237548828125]}
{"label": "person", "probs": 0.9107516407966614, "boxs": [1090.262939453125, 431.8470764160156, 1307.1748046875, 928.1468505859375]}
{"label": "person", "probs": 0.8781200051307678, "boxs": [1514.4501953125, 437.5799865722656, 1630.8739013671875, 811.4191284179688]}
{"label": "signboard", "probs": 0.7817027568817139, "boxs": [0.8161916136741638, 191.71275329589844, 202.77581787109375, 336.59039306640625]}
{"label": "handbag", "probs": 0.7698031067848206, "boxs": [440.721923828125, 449.9856872558594, 497.714599609375, 681.9732666015625]}
{"label": "skirt", "probs": 0.7518405914306641, "boxs": [1041.5435791015625, 573.692138671875, 1090.9017333984375, 620.1322631835938]}
{"label": "skirt", "probs": 0.748717188835144, "boxs": [74.1468276977539, 552.1739501953125, 159.60287475585938, 807.9978637695312]}
{"label": "billboard", "probs": 0.7299505472183228, "boxs": [1156.5028076171875, 108.56356811523438, 1310.4503173828125, 202.77928161621094]}
{"label": "person", "probs": 0.722333550453186, "boxs": [982.7100830078125, 485.541748046875, 1024.917236328125, 684.8186645507812]}
{"label": "person", "probs": 0.7201071381568909, "boxs": [1381.6865234375, 495.7308349609375, 1432.91455078125, 676.5416259765625]}
{"label": "signboard", "probs": 0.7111174464225769, "boxs": [0.03833264112472534, 12.190298080444336, 63.112247467041016, 143.89613342285156]}
{"label": "short_pants", "probs": 0.7087060213088989, "boxs": [1524.1162109375, 637.5524291992188, 1605.76904296875, 713.6537475585938]}
{"label": "signboard", "probs": 0.7085254788398743, "boxs": [625.253173828125, 298.1730651855469, 846.4093627929688, 431.6832275390625]}
{"label": "jean", "probs": 0.7061389088630676, "boxs": [1239.252685546875, 670.02978515625, 1391.7913818359375, 962.6836547851562]}
{"label": "poster", "probs": 0.704735279083252, "boxs": [1864.9095458984375, 464.05865478515625, 1919.6903076171875, 671.3273315429688]}
{"label": "signboard", "probs": 0.7021776437759399, "boxs": [59.712432861328125, 117.22176361083984, 201.9895782470703, 158.78662109375]}
{"label": "signboard", "probs": 0.6914389729499817, "boxs": [1039.1922607421875, 402.8135070800781, 1105.7122802734375, 442.53216552734375]}
{"label": "backpack", "probs": 0.6784846782684326, "boxs": [825.5362548828125, 485.6771240234375, 999.1114501953125, 685.1373291015625]}
{"label": "signboard", "probs": 0.6734098792076111, "boxs": [1268.941162109375, 344.2718200683594, 1381.4205322265625, 447.1044616699219]}
{"label": "banner", "probs": 0.6567795276641846, "boxs": [1688.226806640625, 336.361572265625, 1766.3631591796875, 442.2119445800781]}
{"label": "short_pants", "probs": 0.6558988094329834, "boxs": [1020.357421875, 585.4324951171875, 1045.427001953125, 627.0552978515625]}
{"label": "bucket", "probs": 0.6389583349227905, "boxs": [225.4600372314453, 732.0187377929688, 263.6394348144531, 789.7742919921875]}
{"label": "backpack", "probs": 0.6333527565002441, "boxs": [639.963623046875, 488.4372253417969, 749.5593872070312, 653.3644409179688]}
{"label": "shoe", "probs": 0.6325094699859619, "boxs": [912.2271118164062, 894.8045654296875, 959.6250610351562, 999.2059936523438]}
{"label": "signboard", "probs": 0.6177853941917419, "boxs": [671.215087890625, 149.24220275878906, 803.299560546875, 250.70877075195312]}
{"label": "banner", "probs": 0.6142092943191528, "boxs": [1860.08984375, 671.853515625, 1919.9984130859375, 905.9790649414062]}
{"label": "signboard", "probs": 0.6133630275726318, "boxs": [1051.802001953125, 344.8547058105469, 1113.519775390625, 378.7501220703125]}
{"label": "dress", "probs": 0.5915398597717285, "boxs": [38.295509338378906, 524.8399658203125, 79.7526626586914, 777.7540283203125]}
{"label": "person", "probs": 0.5853147506713867, "boxs": [1175.8060302734375, 436.62152099609375, 1313.2884521484375, 586.697998046875]}
{"label": "flag", "probs": 0.584788978099823, "boxs": [1109.13525390625, 270.69732666015625, 1171.09375, 311.37286376953125]}
{"label": "person", "probs": 0.5750707387924194, "boxs": [1717.441650390625, 534.1414794921875, 1789.91845703125, 593.8269653320312]}
{"label": "signboard", "probs": 0.5692200660705566, "boxs": [1362.3277587890625, 433.7579650878906, 1433.53662109375, 478.1071472167969]}
{"label": "shoe", "probs": 0.5671100616455078, "boxs": [538.1080932617188, 874.04736328125, 575.3944702148438, 911.6972045898438]}
{"label": "shoe", "probs": 0.5647065043449402, "boxs": [1288.4234619140625, 954.2944946289062, 1380.575927734375, 988.420654296875]}
{"label": "person", "probs": 0.5645878911018372, "boxs": [1800.759765625, 516.65185546875, 1870.4307861328125, 721.4688720703125]}
{"label": "lightbulb", "probs": 0.5610654950141907, "boxs": [1812.77978515625, 412.1206359863281, 1831.6705322265625, 427.6658630371094]}
{"label": "streetlight", "probs": 0.5609418153762817, "boxs": [1428.0313720703125, 206.06643676757812, 1485.6253662109375, 268.3443298339844]}
{"label": "handbag", "probs": 0.5601323843002319, "boxs": [440.7530822753906, 558.5243530273438, 487.7556457519531, 684.9044799804688]}
{"label": "lamppost", "probs": 0.5550140142440796, "boxs": [1568.505126953125, 5.70801305770874, 1663.4493408203125, 751.880615234375]}
{"label": "sandal_(type_of_shoe)", "probs": 0.5517264008522034, "boxs": [658.8185424804688, 815.5444946289062, 689.9552612304688, 858.687744140625]}
{"label": "signboard", "probs": 0.544539213180542, "boxs": [287.9993591308594, 299.87847900390625, 498.0928039550781, 418.3924255371094]}
{"label": "short_pants", "probs": 0.5388237833976746, "boxs": [470.30462646484375, 641.155517578125, 594.6193237304688, 794.8713989257812]}
{"label": "shoe", "probs": 0.5324223637580872, "boxs": [473.7718200683594, 870.2239379882812, 512.7198486328125, 936.890380859375]}
{"label": "person", "probs": 0.5315308570861816, "boxs": [1012.8623657226562, 458.7210388183594, 1066.59326171875, 714.5632934570312]}
{"label": "person", "probs": 0.5298186540603638, "boxs": [1805.8880615234375, 514.5437622070312, 1869.5367431640625, 625.0147094726562]}
{"label": "jean", "probs": 0.5211235880851746, "boxs": [1130.237060546875, 650.0836791992188, 1281.2625732421875, 893.257568359375]}
{"label": "sandal_(type_of_shoe)", "probs": 0.5184833407402039, "boxs": [681.2996215820312, 856.146484375, 733.4883422851562, 894.3516845703125]}
{"label": "trousers", "probs": 0.5082047581672668, "boxs": [857.5906982421875, 691.028076171875, 973.2537841796875, 929.8223876953125]}
{"label": "handbag", "probs": 0.504618763923645, "boxs": [1247.8985595703125, 647.5663452148438, 1293.028076171875, 710.30615234375]}
{"label": "shirt", "probs": 0.5025043487548828, "boxs": [1272.4954833984375, 510.5901794433594, 1402.998291015625, 688.8264770507812]}
{"label": "shoe", "probs": 0.5020551085472107, "boxs": [866.5367431640625, 922.2274780273438, 901.210205078125, 948.8170166015625]}
{"label": "person", "probs": 0.5009908080101013, "boxs": [806.722900390625, 491.7391052246094, 849.7757568359375, 639.8350830078125]}
