{"label": "person", "probs": 0.9521271586418152, "boxs": [1304.8985595703125, 413.46844482421875, 1578.478271484375, 1078.861328125]}
{"label": "person", "probs": 0.9500692486763, "boxs": [608.4424438476562, 419.906982421875, 794.4913330078125, 932.8201293945312]}
{"label": "person", "probs": 0.9254489541053772, "boxs": [897.0301513671875, 411.96990966796875, 1097.3836669921875, 971.9121704101562]}
{"label": "person", "probs": 0.9220991730690002, "boxs": [1159.7689208984375, 424.92120361328125, 1435.473876953125, 1037.64794921875]}
{"label": "person", "probs": 0.8975684642791748, "boxs": [824.2659301757812, 493.4430236816406, 884.0006103515625, 669.0131225585938]}
{"label": "person", "probs": 0.89599609375, "boxs": [450.6783142089844, 359.6392822265625, 624.9075927734375, 992.0863647460938]}
{"label": "person", "probs": 0.8699623942375183, "boxs": [1811.9072265625, 428.9779052734375, 1919.9476318359375, 861.7886352539062]}
{"label": "person", "probs": 0.8417118191719055, "boxs": [1081.7393798828125, 491.4906921386719, 1146.94873046875, 751.880859375]}
{"label": "backpack", "probs": 0.8369708061218262, "boxs": [617.2625122070312, 495.47735595703125, 752.5682983398438, 691.1232299804688]}
{"label": "person", "probs": 0.7929551005363464, "boxs": [300.46514892578125, 451.7868347167969, 480.82452392578125, 875.2205810546875]}
{"label": "signboard", "probs": 0.779072642326355, "boxs": [0.0, 186.9691619873047, 199.51637268066406, 334.0676574707031]}
{"label": "tank_top_(clothing)", "probs": 0.7612642645835876, "boxs": [457.21990966796875, 456.89715576171875, 595.5965576171875, 695.8333740234375]}
{"label": "billboard", "probs": 0.7452013492584229, "boxs": [1192.879638671875, 97.74323272705078, 1355.6336669921875, 195.46759033203125]}
{"label": "skirt", "probs": 0.7351903915405273, "boxs": [1085.9156494140625, 587.0394287109375, 1135.1248779296875, 635.560791015625]}
{"label": "signboard", "probs": 0.7135111093521118, "boxs": [647.662109375, 300.5762023925781, 870.8517456054688, 435.9501647949219]}
{"label": "jean", "probs": 0.7122755646705627, "boxs": [1352.953369140625, 711.5584716796875, 1558.3531494140625, 1073.8946533203125]}
{"label": "sandal_(type_of_shoe)", "probs": 0.7117842435836792, "boxs": [384.82977294921875, 854.703125, 417.2972106933594, 884.0406494140625]}
{"label": "billboard", "probs": 0.7063455581665039, "boxs": [696.228515625, 148.59719848632812, 829.4723510742188, 254.19839477539062]}
{"label": "banner", "probs": 0.6966834664344788, "boxs": [1775.7464599609375, 327.32012939453125, 1858.9444580078125, 441.26513671875]}
{"label": "signboard", "probs": 0.690585732460022, "boxs": [46.34574890136719, 107.46635437011719, 193.38987731933594, 143.32151794433594]}
{"label": "short_pants", "probs": 0.6872013211250305, "boxs": [1855.1688232421875, 662.8555908203125, 1919.309814453125, 747.4387817382812]}
{"label": "speaker_(stero_equipment)", "probs": 0.6846741437911987, "boxs": [141.266845703125, 159.12445068359375, 244.71730041503906, 249.3856201171875]}
{"label": "signboard", "probs": 0.6736887693405151, "boxs": [0.09759122878313065, 0.0, 46.60175704956055, 133.47169494628906]}
{"label": "sandal_(type_of_shoe)", "probs": 0.6612757444381714, "boxs": [441.3426818847656, 806.6583251953125, 486.0805969238281, 842.9288940429688]}
{"label": "bucket", "probs": 0.6610936522483826, "boxs": [174.300048828125, 763.083984375, 221.02670288085938, 830.0338134765625]}
{"label": "signboard", "probs": 0.660918653011322, "boxs": [1082.0408935546875, 348.44207763671875, 1144.83154296875, 384.3045349121094]}
{"label": "signboard", "probs": 0.6570892930030823, "boxs": [1067.151611328125, 407.8941955566406, 1132.453369140625, 449.7052001953125]}
{"label": "handbag", "probs": 0.6548341512680054, "boxs": [1367.344482421875, 687.5773315429688, 1434.6641845703125, 767.2822265625]}
{"label": "lamppost", "probs": 0.6384225487709045, "boxs": [1686.54541015625, 1.3173925876617432, 1786.8663330078125, 792.51025390625]}
{"label": "sock", "probs": 0.6314011216163635, "boxs": [1828.255126953125, 802.2805786132812, 1853.29052734375, 831.8281860351562]}
{"label": "flag", "probs": 0.6272487640380859, "boxs": [772.22412109375, 442.4206848144531, 794.1354370117188, 488.9073486328125]}
{"label": "signboard", "probs": 0.6128204464912415, "boxs": [292.5321350097656, 294.4327087402344, 509.4518127441406, 420.2086181640625]}
{"label": "sandal_(type_of_shoe)", "probs": 0.609221339225769, "boxs": [720.8203735351562, 862.8070678710938, 770.7345581054688, 907.3687133789062]}
{"label": "person", "probs": 0.6078314185142517, "boxs": [1253.0933837890625, 426.8185119628906, 1435.92626953125, 610.6318969726562]}
{"label": "signboard", "probs": 0.603031575679779, "boxs": [1309.759521484375, 342.8758850097656, 1432.129150390625, 452.8082580566406]}
{"label": "short_pants", "probs": 0.5845895409584045, "boxs": [471.7357177734375, 677.0316772460938, 593.5869750976562, 827.9320068359375]}
{"label": "shoe", "probs": 0.5841849446296692, "boxs": [495.84185791015625, 929.2941284179688, 539.5878295898438, 992.09814453125]}
{"label": "jean", "probs": 0.5808721780776978, "boxs": [1207.5758056640625, 699.370361328125, 1398.39599609375, 991.794921875]}
{"label": "shoe", "probs": 0.5727406740188599, "boxs": [658.1649780273438, 891.4429321289062, 692.4751586914062, 931.4691772460938]}
{"label": "suitcase", "probs": 0.5709410309791565, "boxs": [305.4902038574219, 637.471435546875, 389.4056701660156, 780.7427368164062]}
{"label": "wheel", "probs": 0.5676054358482361, "boxs": [1199.0340576171875, 660.7186889648438, 1222.926025390625, 752.666015625]}
{"label": "shoe", "probs": 0.5614306330680847, "boxs": [1305.62646484375, 1017.638916015625, 1410.211669921875, 1074.8414306640625]}
{"label": "person", "probs": 0.5601138472557068, "boxs": [1.6690372228622437, 538.6236572265625, 118.21205139160156, 894.9519653320312]}
{"label": "shoe", "probs": 0.5585127472877502, "boxs": [989.8846435546875, 935.385498046875, 1037.7633056640625, 972.973876953125]}
{"label": "sock", "probs": 0.5512916445732117, "boxs": [48.63801956176758, 843.924072265625, 117.0996322631836, 886.5731811523438]}
{"label": "air_conditioner", "probs": 0.548991858959198, "boxs": [1295.326416015625, 280.1763916015625, 1347.851806640625, 335.55029296875]}
{"label": "short_pants", "probs": 0.5465525984764099, "boxs": [625.9944458007812, 687.0598754882812, 756.9164428710938, 843.4624633789062]}
{"label": "streetlight", "probs": 0.5418698191642761, "boxs": [1482.5621337890625, 197.43922424316406, 1546.4383544921875, 261.6321716308594]}
{"label": "jacket", "probs": 0.5348718762397766, "boxs": [904.4888916015625, 489.9239807128906, 1090.6585693359375, 735.2030029296875]}
{"label": "shoe", "probs": 0.5254893898963928, "boxs": [930.6075439453125, 884.032958984375, 975.9754028320312, 958.1383056640625]}
{"label": "shirt", "probs": 0.5202052593231201, "boxs": [1407.4185791015625, 515.4172973632812, 1576.2398681640625, 738.8538208007812]}
{"label": "tray", "probs": 0.5181950926780701, "boxs": [1239.9228515625, 650.758544921875, 1433.0738525390625, 697.4063110351562]}
{"label": "awning", "probs": 0.5136843919754028, "boxs": [1159.6964111328125, 446.3031311035156, 1317.5538330078125, 486.3439025878906]}
{"label": "backpack", "probs": 0.5088540315628052, "boxs": [906.0480346679688, 498.5213623046875, 984.39013671875, 717.1547241210938]}
{"label": "trousers", "probs": 0.504908561706543, "boxs": [945.5939331054688, 723.642333984375, 1045.3599853515625, 936.5306396484375]}
{"label": "cart", "probs": 0.5014065504074097, "boxs": [1185.2470703125, 606.7299194335938, 1335.4195556640625, 789.0094604492188]}
