{"label": "person", "probs": 0.9511793255805969, "boxs": [648.4987182617188, 410.83172607421875, 875.1509399414062, 956.7325439453125]}
{"label": "person", "probs": 0.9506421089172363, "boxs": [288.376220703125, 406.85662841796875, 486.3404235839844, 914.95849609375]}
{"label": "person", "probs": 0.9494550228118896, "boxs": [980.4813232421875, 417.8099060058594, 1180.978515625, 996.38671875]}
{"label": "person", "probs": 0.9341150522232056, "boxs": [1480.4423828125, 378.20172119140625, 1764.87548828125, 1075.0091552734375]}
{"label": "person", "probs": 0.9168579578399658, "boxs": [460.42730712890625, 345.4516906738281, 662.8480224609375, 976.8992309570312]}
{"label": "person", "probs": 0.9118107557296753, "boxs": [1252.505126953125, 396.0248107910156, 1577.89599609375, 1069.39111328125]}
{"label": "person", "probs": 0.8832035660743713, "boxs": [863.654296875, 490.77960205078125, 923.4649047851562, 671.2977294921875]}
{"label": "backpack", "probs": 0.8505126237869263, "boxs": [650.8828125, 494.7018127441406, 807.95947265625, 706.3109130859375]}
{"label": "person", "probs": 0.8420975804328918, "boxs": [1148.5692138671875, 486.3392028808594, 1216.787841796875, 759.0201416015625]}
{"label": "person", "probs": 0.8103537559509277, "boxs": [936.3250122070312, 511.9898986816406, 987.8442993164062, 664.9995727539062]}
{"label": "signboard", "probs": 0.8066766858100891, "boxs": [0.0, 163.95010375976562, 245.60498046875, 330.07977294921875]}
{"label": "television_set", "probs": 0.7786746621131897, "boxs": [1749.632568359375, 483.33538818359375, 1803.851806640625, 569.9155883789062]}
{"label": "signboard", "probs": 0.7500595450401306, "boxs": [745.3922119140625, 146.2084503173828, 877.3179321289062, 241.687744140625]}
{"label": "billboard", "probs": 0.7401828169822693, "boxs": [1249.5382080078125, 86.71214294433594, 1419.0804443359375, 189.1200408935547]}
{"label": "signboard", "probs": 0.7338339686393738, "boxs": [0.0, 0.0, 88.59647369384766, 128.31851196289062]}
{"label": "person", "probs": 0.7325039505958557, "boxs": [1546.193115234375, 495.8621826171875, 1584.410888671875, 559.0443725585938]}
{"label": "tray", "probs": 0.7183772921562195, "boxs": [1361.0472412109375, 654.3057250976562, 1595.2530517578125, 711.9425048828125]}
{"label": "signboard", "probs": 0.717235803604126, "boxs": [1368.482666015625, 337.1513366699219, 1497.8099365234375, 452.7224426269531]}
{"label": "jean", "probs": 0.7042970657348633, "boxs": [1494.4705810546875, 731.6590576171875, 1725.9691162109375, 1078.7921142578125]}
{"label": "signboard", "probs": 0.70036381483078, "boxs": [696.2400512695312, 298.52899169921875, 918.6549682617188, 436.45989990234375]}
{"label": "person", "probs": 0.6846584677696228, "boxs": [1121.3970947265625, 453.8232727050781, 1169.5806884765625, 527.7685546875]}
{"label": "bucket", "probs": 0.6745842695236206, "boxs": [195.90769958496094, 767.2002563476562, 246.7711181640625, 837.1766967773438]}
{"label": "handbag", "probs": 0.6695230603218079, "boxs": [449.7044372558594, 442.87396240234375, 528.2410888671875, 699.7428588867188]}
{"label": "speaker_(stero_equipment)", "probs": 0.6666428446769714, "boxs": [186.66673278808594, 155.1443328857422, 290.67425537109375, 247.23622131347656]}
{"label": "short_pants", "probs": 0.6621140837669373, "boxs": [323.5524597167969, 630.6300048828125, 458.42962646484375, 773.6354370117188]}
{"label": "lamppost", "probs": 0.6454800963401794, "boxs": [1799.1904296875, 1.6807324886322021, 1915.6060791015625, 804.450439453125]}
{"label": "tank_top_(clothing)", "probs": 0.6412121057510376, "boxs": [494.3934020996094, 442.3331298828125, 645.6869506835938, 696.1765747070312]}
{"label": "sandal_(type_of_shoe)", "probs": 0.64079749584198, "boxs": [407.84039306640625, 866.6116333007812, 443.90655517578125, 899.8768310546875]}
{"label": "jean", "probs": 0.6369470953941345, "boxs": [1309.5526123046875, 724.5299682617188, 1526.399658203125, 1031.795654296875]}
{"label": "skirt", "probs": 0.6301990151405334, "boxs": [0.18573185801506042, 571.2366333007812, 103.98519897460938, 870.6693725585938]}
{"label": "signboard", "probs": 0.6197745203971863, "boxs": [87.75912475585938, 98.48011779785156, 236.39369201660156, 135.2202911376953]}
{"label": "awning", "probs": 0.6146729588508606, "boxs": [1220.9141845703125, 442.5267333984375, 1430.1641845703125, 484.0555725097656]}
{"label": "sock", "probs": 0.6073601841926575, "boxs": [24.967058181762695, 866.0136108398438, 63.02634811401367, 914.0549926757812]}
{"label": "signboard", "probs": 0.6071571111679077, "boxs": [1132.37841796875, 348.0078125, 1195.9984130859375, 383.20989990234375]}
{"label": "sandal_(type_of_shoe)", "probs": 0.6049389839172363, "boxs": [1064.8944091796875, 928.5722045898438, 1112.975341796875, 999.4428100585938]}
{"label": "lightbulb", "probs": 0.5922505259513855, "boxs": [1552.7337646484375, 185.2595977783203, 1618.2708740234375, 251.44485473632812]}
{"label": "signboard", "probs": 0.5892559885978699, "boxs": [336.8996276855469, 291.8646240234375, 545.560546875, 411.2908630371094]}
{"label": "jersey", "probs": 0.5857445001602173, "boxs": [980.4613037109375, 501.1201477050781, 1177.457275390625, 730.790771484375]}
{"label": "shoe", "probs": 0.5762767791748047, "boxs": [288.2434997558594, 881.84716796875, 363.6110534667969, 913.1944580078125]}
{"label": "short_pants", "probs": 0.574364185333252, "boxs": [1165.3060302734375, 588.5374755859375, 1201.2115478515625, 635.3348388671875]}
{"label": "sandal_(type_of_shoe)", "probs": 0.5704910159111023, "boxs": [1180.142333984375, 741.0022583007812, 1212.111572265625, 757.461181640625]}
{"label": "lightbulb", "probs": 0.5703936219215393, "boxs": [1798.2371826171875, 428.83673095703125, 1815.478515625, 444.9994812011719]}
{"label": "person", "probs": 0.5699000954627991, "boxs": [910.2159423828125, 526.20556640625, 940.8469848632812, 666.1546630859375]}
{"label": "shoe", "probs": 0.564456582069397, "boxs": [1440.249267578125, 1011.9845581054688, 1502.03515625, 1079.3720703125]}
{"label": "sandal_(type_of_shoe)", "probs": 0.5594334602355957, "boxs": [1150.6575927734375, 734.1485595703125, 1175.53955078125, 752.60400390625]}
{"label": "jersey", "probs": 0.558485209941864, "boxs": [324.9420166015625, 484.80364990234375, 488.8433837890625, 644.1246337890625]}
{"label": "person", "probs": 0.5575451850891113, "boxs": [1298.2410888671875, 533.7027587890625, 1329.345947265625, 568.6986694335938]}
{"label": "shoe", "probs": 0.5553798079490662, "boxs": [542.6024780273438, 924.418701171875, 583.2391967773438, 979.8947143554688]}
{"label": "shirt", "probs": 0.5553114414215088, "boxs": [1525.7177734375, 499.0995788574219, 1761.345703125, 760.568115234375]}
{"label": "strap", "probs": 0.5548804402351379, "boxs": [1385.1026611328125, 494.2422790527344, 1455.6671142578125, 583.2350463867188]}
{"label": "shoe", "probs": 0.5520188212394714, "boxs": [695.37841796875, 910.0018310546875, 733.8430786132812, 955.668701171875]}
{"label": "sock", "probs": 0.5438128709793091, "boxs": [58.09122848510742, 855.3426513671875, 129.5224609375, 900.3732299804688]}
{"label": "shoe", "probs": 0.5377281904220581, "boxs": [583.7083740234375, 908.18408203125, 640.0097045898438, 975.7933959960938]}
{"label": "flag", "probs": 0.5365064740180969, "boxs": [820.505126953125, 442.53363037109375, 841.4773559570312, 489.4347839355469]}
{"label": "signboard", "probs": 0.533031165599823, "boxs": [1127.38134765625, 407.25738525390625, 1185.328369140625, 447.1669616699219]}
{"label": "poster", "probs": 0.5299224257469177, "boxs": [293.260009765625, 635.728515625, 310.17364501953125, 671.8895263671875]}
{"label": "trousers", "probs": 0.5243356227874756, "boxs": [1040.84814453125, 727.0162353515625, 1135.3677978515625, 931.7676391601562]}
{"label": "poster", "probs": 0.5187307000160217, "boxs": [277.4676513671875, 535.5191040039062, 305.5325927734375, 588.4050903320312]}
{"label": "signboard", "probs": 0.5041405558586121,