{"label": "person", "probs": 0.9722529053688049, "boxs": [0.0, 344.6896057128906, 336.2979736328125, 1076.298095703125]}
{"label": "person", "probs": 0.9465063214302063, "boxs": [1546.0164794921875, 329.2210388183594, 1920.0, 1076.7076416015625]}
{"label": "person", "probs": 0.9417046308517456, "boxs": [525.3653564453125, 321.178955078125, 753.0025634765625, 1013.9263305664062]}
{"label": "person", "probs": 0.9285059571266174, "boxs": [1122.0355224609375, 406.8391418457031, 1328.8092041015625, 965.8148193359375]}
{"label": "person", "probs": 0.9261641502380371, "boxs": [718.6839599609375, 391.0087585449219, 924.5233764648438, 988.2015991210938]}
{"label": "person", "probs": 0.9250848889350891, "boxs": [1068.5616455078125, 499.7839050292969, 1138.39404296875, 691.6244506835938]}
{"label": "person", "probs": 0.902180016040802, "boxs": [916.833740234375, 483.2375793457031, 982.576904296875, 679.1085205078125]}
{"label": "person", "probs": 0.8802914023399353, "boxs": [1010.4981079101562, 499.4449157714844, 1079.4571533203125, 678.54931640625]}
{"label": "person", "probs": 0.8263959884643555, "boxs": [980.2627563476562, 544.8087768554688, 1020.703125, 671.8961791992188]}
{"label": "backpack", "probs": 0.8189253807067871, "boxs": [734.2686767578125, 482.8294677734375, 883.431640625, 723.1292114257812]}
{"label": "signboard", "probs": 0.7954236268997192, "boxs": [0.9717199802398682, 128.08485412597656, 291.28887939453125, 320.75970458984375]}
{"label": "handbag", "probs": 0.7660521864891052, "boxs": [515.5474853515625, 428.6226501464844, 593.135009765625, 705.669921875]}
{"label": "signboard", "probs": 0.7520861029624939, "boxs": [1336.2012939453125, 59.8169059753418, 1517.8388671875, 169.08877563476562]}
{"label": "person", "probs": 0.7513136267662048, "boxs": [1551.5618896484375, 502.1652526855469, 1616.9453125, 629.16015625]}
{"label": "sandal_(type_of_shoe)", "probs": 0.7329769730567932, "boxs": [160.891357421875, 986.5999145507812, 258.8878479003906, 1042.9412841796875]}
{"label": "signboard", "probs": 0.7050083875656128, "boxs": [10.771964073181152, 0.6980328559875488, 124.9771499633789, 108.71420288085938]}
{"label": "signboard", "probs": 0.6995812058448792, "boxs": [761.7357788085938, 292.12451171875, 988.95068359375, 432.77850341796875]}
{"label": "signboard", "probs": 0.6938818097114563, "boxs": [809.4754028320312, 134.56912231445312, 946.0940551757812, 234.75828552246094]}
{"label": "short_pants", "probs": 0.6911889314651489, "boxs": [106.5941390991211, 644.2991943359375, 270.0359802246094, 889.0512084960938]}
{"label": "tray", "probs": 0.6754475831985474, "boxs": [1692.5577392578125, 685.0075073242188, 1918.768798828125, 779.5305786132812]}
{"label": "wheel", "probs": 0.6706047654151917, "boxs": [1383.5313720703125, 676.966552734375, 1417.54345703125, 782.4542236328125]}
{"label": "strap", "probs": 0.6441144347190857, "boxs": [672.029296875, 440.9075622558594, 705.8220825195312, 504.25286865234375]}
{"label": "jean", "probs": 0.6432493329048157, "boxs": [1548.4830322265625, 780.7474975585938, 1873.6094970703125, 1078.8870849609375]}
{"label": "signboard", "probs": 0.6297093033790588, "boxs": [385.3772888183594, 276.7530822753906, 610.5352783203125, 397.80389404296875]}
{"label": "trash_can", "probs": 0.6296989917755127, "boxs": [1318.572265625, 623.043212890625, 1364.8271484375, 731.55810546875]}
{"label": "signboard", "probs": 0.6258695721626282, "boxs": [122.24859619140625, 74.84385681152344, 273.7884521484375, 111.90937805175781]}
{"label": "short_pants", "probs": 0.6219756007194519, "boxs": [1037.99267578125, 587.476318359375, 1075.2010498046875, 625.091064453125]}
{"label": "tambourine", "probs": 0.6158833503723145, "boxs": [125.27605438232422, 627.4251098632812, 217.54847717285156, 691.0443725585938]}
{"label": "signboard", "probs": 0.6122589707374573, "boxs": [1460.8414306640625, 321.43804931640625, 1606.830810546875, 442.45587158203125]}
{"label": "shoe", "probs": 0.6114705801010132, "boxs": [1190.8465576171875, 866.3760986328125, 1228.720703125, 967.6427612304688]}
{"label": "sandal_(type_of_shoe)", "probs": 0.6038257479667664, "boxs": [82.15817260742188, 1059.4244384765625, 139.6642608642578, 1079.7335205078125]}
{"label": "shoe", "probs": 0.5965527892112732, "boxs": [767.1109619140625, 900.2947998046875, 803.887939453125, 949.1553344726562]}
{"label": "shoe", "probs": 0.5931209921836853, "boxs": [551.9140625, 943.18212890625, 601.9227905273438, 992.1106567382812]}
{"label": "person", "probs": 0.5927681922912598, "boxs": [1254.9481201171875, 475.2650451660156, 1324.5936279296875, 781.650390625]}
{"label": "short_pants", "probs": 0.5757656097412109, "boxs": [560.0152587890625, 644.394775390625, 707.6050415039062, 856.4739379882812]}
{"label": "tank_top_(clothing)", "probs": 0.5726078748703003, "boxs": [570.3331909179688, 424.4873352050781, 708.8705444335938, 651.6620483398438]}
{"label": "signboard", "probs": 0.5679184198379517, "boxs": [628.97607421875, 265.6778564453125, 711.546142578125, 341.3905944824219]}
{"label": "awning", "probs": 0.5633307695388794, "boxs": [1319.717041015625, 425.3943786621094, 1551.935791015625, 477.3061828613281]}
{"label": "skirt", "probs": 0.5621075630187988, "boxs": [1073.671875, 562.4508666992188, 1136.689208984375, 616.7760620117188]}
{"label": "signboard", "probs": 0.5611439347267151, "boxs": [1203.56689453125, 339.9404602050781, 1269.61572265625, 379.34930419921875]}
{"label": "shoe", "probs": 0.5534378886222839, "boxs": [619.4893188476562, 952.6981201171875, 669.3268432617188, 1033.9686279296875]}
{"label": "person", "probs": 0.5527694821357727, "boxs": [1389.6549072265625, 532.5825805664062, 1421.3138427734375, 566.5525512695312]}
{"label": "speaker_(stero_equipment)", "probs": 0.5524730086326599, "boxs": [234.3143310546875, 139.76805114746094, 337.6307067871094, 232.94178771972656]}
{"label": "shoe", "probs": 0.544268012046814, "boxs": [804.6812133789062, 940.3668823242188, 865.481689453125, 988.5418701171875]}
{"label": "spectacles", "probs": 0.5421593189239502, "boxs": [1713.812255859375, 404.2577819824219, 1807.6832275390625, 429.4366760253906]}
{"label": "suitcase", "probs": 0.5413080453872681, "boxs": [479.8741455078125, 618.0680541992188, 523.066162109375, 711.7120971679688]}
{"label": "tray", "probs": 0.5407324433326721, "boxs": [1511.07080078125, 619.789306640625, 1766.034912109375, 670.1213989257812]}
{"label": "lightbulb", "probs": 0.5404201745986938, "boxs": [1669.2113037109375, 157.19093322753906, 1752.602783203125, 228.74256896972656]}
{"label": "jersey", "probs": 0.5387420058250427, "boxs": [28.327341079711914, 464.93896484375, 330.2708435058594, 693.2457885742188]}
{"label": "helmet", "probs": 0.537618100643158, "boxs": [779.6302490234375, 395.4657287597656, 848.3033447265625, 478.06402587890625]}
{"label": "suitcase", "probs": 0.5338066816329956, "boxs": [373.6361999511719, 632.8587036132812, 487.3294372558594, 726.6497802734375]}
{"label": "backpack", "probs": 0.5301429033279419, "boxs": [1129.713134765625, 495.58251953125, 1304.055419921875, 730.663330078125]}
{"label": "jean", "probs": 0.5120784640312195, "boxs": [928.8704833984375, 589.3594360351562, 978.9247436523438, 670.2606811523438]}
