{"label": "person", "probs": 0.9570955634117126, "boxs": [1125.355712890625, 500.8958435058594, 1199.7332763671875, 696.3308715820312]}
{"label": "person", "probs": 0.9553111791610718, "boxs": [0.0, 259.3491516113281, 230.4917449951172, 1069.3560791015625]}
{"label": "person", "probs": 0.949910044670105, "boxs": [1188.211181640625, 417.55120849609375, 1381.2899169921875, 993.4198608398438]}
{"label": "person", "probs": 0.9294038414955139, "boxs": [556.9361572265625, 328.7886047363281, 786.3011474609375, 1066.1954345703125]}
{"label": "person", "probs": 0.9168896675109863, "boxs": [761.01806640625, 383.79815673828125, 987.9918823242188, 997.2965698242188]}
{"label": "person", "probs": 0.9058053493499756, "boxs": [1063.0078125, 501.1556701660156, 1117.77880859375, 685.2747192382812]}
{"label": "person", "probs": 0.8774166107177734, "boxs": [954.6131591796875, 486.734619140625, 1025.312255859375, 684.5654296875]}
{"label": "person", "probs": 0.8568966388702393, "boxs": [1021.1145629882812, 547.3126831054688, 1063.3868408203125, 679.8551025390625]}
{"label": "backpack", "probs": 0.8298503160476685, "boxs": [775.5965576171875, 478.03564453125, 928.74365234375, 720.540283203125]}
{"label": "signboard", "probs": 0.8118681907653809, "boxs": [0.0, 112.35741424560547, 320.33685302734375, 318.82318115234375]}
{"label": "person", "probs": 0.7412010431289673, "boxs": [1725.7437744140625, 487.3535461425781, 1826.140625, 659.7535400390625]}
{"label": "handbag", "probs": 0.7377285361289978, "boxs": [543.0353393554688, 475.5251159667969, 619.609130859375, 731.3136596679688]}
{"label": "signboard", "probs": 0.7278045415878296, "boxs": [795.5844116210938, 289.07257080078125, 1027.1226806640625, 432.4288330078125]}
{"label": "person", "probs": 0.7262364625930786, "boxs": [1714.4715576171875, 488.38189697265625, 1765.676025390625, 576.6073608398438]}
{"label": "signboard", "probs": 0.7261804938316345, "boxs": [1385.3046875, 48.322933197021484, 1571.9722900390625, 159.9243621826172]}
{"label": "person", "probs": 0.7179428339004517, "boxs": [1768.4088134765625, 466.7961730957031, 1920.0, 1075.1265869140625]}
{"label": "person", "probs": 0.7164602875709534, "boxs": [1319.9580078125, 476.4172058105469, 1396.8184814453125, 800.1414184570312]}
{"label": "signboard", "probs": 0.7117474675178528, "boxs": [34.990875244140625, 2.629088878631592, 148.40670776367188, 101.30135345458984]}
{"label": "signboard", "probs": 0.6967578530311584, "boxs": [845.0855712890625, 131.60751342773438, 982.3922119140625, 234.11158752441406]}
{"label": "speaker_(stero_equipment)", "probs": 0.6844410300254822, "boxs": [266.7978820800781, 133.7069854736328, 370.94189453125, 227.69432067871094]}
{"label": "signboard", "probs": 0.6755661964416504, "boxs": [1512.330810546875, 316.4076232910156, 1670.255859375, 439.10784912109375]}
{"label": "awning", "probs": 0.658668577671051, "boxs": [1378.9873046875, 421.9197082519531, 1643.6519775390625, 484.819091796875]}
{"label": "person", "probs": 0.6561412811279297, "boxs": [1782.3411865234375, 473.0080261230469, 1919.912353515625, 657.6185913085938]}
{"label": "dining_table", "probs": 0.6504496932029724, "boxs": [1710.9627685546875, 658.578857421875, 1918.0201416015625, 846.5957641601562]}
{"label": "signboard", "probs": 0.6438014507293701, "boxs": [147.21620178222656, 64.5020523071289, 298.72125244140625, 104.14339447021484]}
{"label": "bucket", "probs": 0.6371496319770813, "boxs": [1665.4080810546875, 675.39111328125, 1716.4403076171875, 740.747314453125]}
{"label": "signboard", "probs": 0.636924684047699, "boxs": [1243.9027099609375, 340.0967102050781, 1311.4068603515625, 377.3845520019531]}
{"label": "shoe", "probs": 0.635139524936676, "boxs": [1224.728271484375, 866.360595703125, 1272.2861328125, 926.4479370117188]}
{"label": "wheel", "probs": 0.6320260167121887, "boxs": [1458.2530517578125, 690.3901977539062, 1495.2308349609375, 802.6500854492188]}
{"label": "shoe", "probs": 0.6202794313430786, "boxs": [867.551025390625, 918.7780151367188, 929.1119995117188, 978.072021484375]}
{"label": "signboard", "probs": 0.6060283184051514, "boxs": [662.3519287109375, 258.941162109375, 750.8990478515625, 342.52618408203125]}
{"label": "short_pants", "probs": 0.6044452786445618, "boxs": [1073.7276611328125, 595.1397705078125, 1109.2904052734375, 639.1299438476562]}
{"label": "jean", "probs": 0.6041828989982605, "boxs": [959.521484375, 591.87548828125, 1029.2083740234375, 683.5200805664062]}
{"label": "suitcase", "probs": 0.602467954158783, "boxs": [505.0650939941406, 628.2139892578125, 552.3096923828125, 717.6728515625]}
{"label": "strap", "probs": 0.6010453104972839, "boxs": [708.2147827148438, 453.4989013671875, 741.567138671875, 519.78857421875]}
{"label": "shoe", "probs": 0.5992660522460938, "boxs": [640.51416015625, 1013.3077392578125, 694.5332641601562, 1070.7850341796875]}
{"label": "pole", "probs": 0.5913886427879333, "boxs": [1622.9527587890625, 714.1574096679688, 1665.9881591796875, 927.67822265625]}
{"label": "signboard", "probs": 0.591335654258728, "boxs": [722.8021240234375, 152.54930114746094, 795.5068969726562, 218.46974182128906]}
{"label": "signboard", "probs": 0.5811787843704224, "boxs": [420.5909118652344, 281.1804504394531, 638.4674072265625, 395.0796813964844]}
{"label": "shoe", "probs": 0.5787793397903442, "boxs": [1317.9566650390625, 948.7156982421875, 1356.506103515625, 990.703857421875]}
{"label": "person", "probs": 0.5779813528060913, "boxs": [1644.3271484375, 503.95513916015625, 1719.6566162109375, 635.3108520507812]}
{"label": "signboard", "probs": 0.5666079521179199, "boxs": [420.02593994140625, 282.6336364746094, 472.66192626953125, 353.225341796875]}
{"label": "signboard", "probs": 0.5641689300537109, "boxs": [1645.4591064453125, 424.4696044921875, 1736.2559814453125, 474.3420715332031]}
{"label": "person", "probs": 0.5641071796417236, "boxs": [1025.88232421875, 517.184326171875, 1059.426025390625, 570.9498901367188]}
{"label": "shoe", "probs": 0.5632147192955017, "boxs": [804.2142944335938, 940.8213500976562, 845.1710205078125, 994.3365478515625]}
{"label": "trousers", "probs": 0.5620722770690918, "boxs": [1.3258649110794067, 651.9439697265625, 149.848388671875, 1007.4655151367188]}
{"label": "sandal_(type_of_shoe)", "probs": 0.5611263513565063, "boxs": [1348.0537109375, 778.9366455078125, 1389.3670654296875, 799.6068115234375]}
{"label": "dining_table", "probs": 0.5562516450881958, "boxs": [1712.7252197265625, 656.4392700195312, 1919.0487060546875, 716.7636108398438]}
{"label": "bucket", "probs": 0.5525944828987122, "boxs": [177.79234313964844, 811.4414672851562, 247.16571044921875, 898.42822265625]}
{"label": "bowling_ball", "probs": 0.5497204661369324, "boxs": [1661.5162353515625, 864.8724365234375, 1707.84326171875, 911.8577270507812]}
{"label": "streetlight", "probs": 0.5495452284812927, "boxs": [1737.7430419921875, 144.74351501464844, 1815.7581787109375, 219.37657165527344]}
{"label": "trousers", "probs": 0.5405097007751465, "boxs": [1232.4130859375, 701.4232177734375, 1352.976806640625, 944.8369750976562]}
{"label": "sock", "probs": 0.5387800931930542, "boxs": [881.84130859375, 918.3223266601562, 909.7872924804688, 936.1099853515625]}
{"label": "short_pants", "probs": 0.5353436470031738, "boxs": [599.7514038085938, 702.0764770507812, 743.5028076171875, 889.1084594726562]}
{"label": "shirt", "probs": 0.5274820327758789, "boxs": [955.5425415039062, 512.7420043945312, 1016.8361206054688, 595.9470825195312]}
{"label": "dress", "probs": 0.5216984152793884, "boxs": [1126.2901611328125, 534.7476806640625, 1197.7763671875, 620.7650146484375]}
{"label": "backpack", "probs": 0.5108130574226379, "boxs": [598.6226806640625, 428.6492004394531, 749.1845092773438, 725.9567260742188]}
