{"label": "person", "probs": 0.958742618560791, "boxs": [804.07080078125, 383.1441650390625, 1060.181640625, 1045.9388427734375]}
{"label": "person", "probs": 0.9511581063270569, "boxs": [571.9849853515625, 302.2462158203125, 824.3524169921875, 1069.8314208984375]}
{"label": "person", "probs": 0.9295480251312256, "boxs": [1101.59228515625, 499.90216064453125, 1163.208984375, 693.073974609375]}
{"label": "person", "probs": 0.9061576128005981, "boxs": [1187.99169921875, 498.865478515625, 1258.5762939453125, 704.38232421875]}
{"label": "person", "probs": 0.8976908922195435, "boxs": [1235.1365966796875, 405.62158203125, 1441.5252685546875, 971.292236328125]}
{"label": "signboard", "probs": 0.8258659243583679, "boxs": [1.0989075235556811e-05, 93.65601348876953, 354.89349365234375, 310.8006286621094]}
{"label": "person", "probs": 0.8143576979637146, "boxs": [1073.8355712890625, 545.3701171875, 1109.4027099609375, 684.8445434570312]}
{"label": "handbag", "probs": 0.813345193862915, "boxs": [562.2006225585938, 426.3023376464844, 660.729248046875, 733.1502075195312]}
{"label": "backpack", "probs": 0.8054640889167786, "boxs": [836.93994140625, 484.1055908203125, 1007.5965576171875, 746.3107299804688]}
{"label": "person", "probs": 0.7909822463989258, "boxs": [1387.466552734375, 471.0201110839844, 1480.8580322265625, 818.904052734375]}
{"label": "person", "probs": 0.765758752822876, "boxs": [1007.2130126953125, 483.8022766113281, 1067.0985107421875, 693.4830322265625]}
{"label": "speaker_(stero_equipment)", "probs": 0.752823531627655, "boxs": [298.94329833984375, 127.62556457519531, 409.3417663574219, 224.0850830078125]}
{"label": "signboard", "probs": 0.7507008910179138, "boxs": [64.7510986328125, 0.0, 178.126220703125, 92.57127380371094]}
{"label": "person", "probs": 0.7403023838996887, "boxs": [1163.0882568359375, 520.1927490234375, 1196.1494140625, 631.1824951171875]}
{"label": "signboard", "probs": 0.7202356457710266, "boxs": [1444.1051025390625, 30.431228637695312, 1639.3448486328125, 150.0715789794922]}
{"label": "signboard", "probs": 0.7153598070144653, "boxs": [841.0594482421875, 286.67144775390625, 1070.8045654296875, 430.3401184082031]}
{"label": "person", "probs": 0.7149725556373596, "boxs": [1838.118408203125, 481.3078918457031, 1917.732666015625, 671.5032348632812]}
{"label": "signboard", "probs": 0.7042622566223145, "boxs": [1577.3984375, 307.57958984375, 1747.1083984375, 431.3904113769531]}
{"label": "signboard", "probs": 0.6741757392883301, "boxs": [888.5682983398438, 126.08435821533203, 1028.2044677734375, 238.36111450195312]}
{"label": "person", "probs": 0.6633644104003906, "boxs": [1829.3673095703125, 484.53875732421875, 1874.3525390625, 569.495849609375]}
{"label": "signboard", "probs": 0.6502737998962402, "boxs": [178.0252227783203, 52.08920669555664, 331.6764831542969, 93.14534759521484]}
{"label": "postcard", "probs": 0.644729495048523, "boxs": [29.464149475097656, 642.0730590820312, 70.7756118774414, 708.0767211914062]}
{"label": "signboard", "probs": 0.6428443789482117, "boxs": [456.7069396972656, 271.388916015625, 662.7779541015625, 392.8197326660156]}
{"label": "dress", "probs": 0.6415648460388184, "boxs": [1189.1982421875, 538.1641845703125, 1256.5992431640625, 623.2328491210938]}
{"label": "postcard", "probs": 0.6351053714752197, "boxs": [29.884855270385742, 701.673583984375, 75.75860595703125, 771.8218994140625]}
{"label": "poster", "probs": 0.6327840685844421, "boxs": [83.98189544677734, 698.460205078125, 108.3297348022461, 759.5303344726562]}
{"label": "shoe", "probs": 0.6323297619819641, "boxs": [844.5216674804688, 990.200927734375, 891.3810424804688, 1047.9852294921875]}
{"label": "postcard", "probs": 0.626761257648468, "boxs": [35.039764404296875, 774.97265625, 75.7189712524414, 838.2352294921875]}
{"label": "wheel", "probs": 0.6214815378189087, "boxs": [1544.40478515625, 702.38623046875, 1589.7899169921875, 822.7514038085938]}
{"label": "shoe", "probs": 0.6131414771080017, "boxs": [1372.3388671875, 876.343017578125, 1411.227294921875, 947.96826171875]}
{"label": "short_pants", "probs": 0.6041353940963745, "boxs": [625.9072875976562, 652.48388671875, 782.7239379882812, 894.219482421875]}
{"label": "postcard", "probs": 0.6034449338912964, "boxs": [87.4240951538086, 835.1693725585938, 134.0501708984375, 898.3016967773438]}
{"label": "strap", "probs": 0.598289430141449, "boxs": [724.640869140625, 432.2327575683594, 771.458740234375, 506.9143981933594]}
{"label": "backpack", "probs": 0.5948670506477356, "boxs": [1260.8880615234375, 486.833740234375, 1413.6690673828125, 722.282958984375]}
{"label": "shoe", "probs": 0.5896471738815308, "boxs": [972.5657958984375, 943.3893432617188, 1018.00830078125, 997.9421997070312]}
{"label": "plastic_bag", "probs": 0.5875176191329956, "boxs": [1702.8399658203125, 671.197998046875, 1767.414306640625, 732.2154541015625]}
{"label": "signboard", "probs": 0.5749809145927429, "boxs": [1291.4588623046875, 337.3899841308594, 1362.400634765625, 376.23126220703125]}
{"label": "shoe", "probs": 0.5749151110649109, "boxs": [1319.5723876953125, 928.939453125, 1374.1859130859375, 968.2975463867188]}
{"label": "person", "probs": 0.5724799633026123, "boxs": [1745.0545654296875, 500.7740478515625, 1843.76953125, 745.0720825195312]}
{"label": "postcard", "probs": 0.5719930529594421, "boxs": [116.54850769042969, 760.8784790039062, 152.351806640625, 823.5912475585938]}
{"label": "shoe", "probs": 0.5696699619293213, "boxs": [674.1156616210938, 995.5891723632812, 733.3740234375, 1080.0]}
{"label": "postcard", "probs": 0.5681383013725281, "boxs": [53.36882781982422, 844.360595703125, 92.5804214477539, 911.5591430664062]}
{"label": "chair", "probs": 0.5679256319999695, "boxs": [1872.1680908203125, 700.2986450195312, 1920.0, 845.0794677734375]}
{"label": "postcard", "probs": 0.5673686265945435, "boxs": [120.707763671875, 695.9747924804688, 144.5518341064453, 754.5155639648438]}
{"label": "signboard", "probs": 0.5566417574882507, "boxs": [765.5038452148438, 147.50808715820312, 839.109375, 216.3916015625]}
{"label": "awning", "probs": 0.5543569922447205, "boxs": [1451.805419921875, 414.9229431152344, 1747.3067626953125, 474.1254577636719]}
{"label": "short_pants", "probs": 0.5521446466445923, "boxs": [1423.8665771484375, 603.8399047851562, 1469.7164306640625, 665.6477661132812]}
{"label": "postcard", "probs": 0.5507042407989502, "boxs": [276.2823486328125, 709.3797607421875, 292.70166015625, 745.96875]}
{"label": "shirt", "probs": 0.548087477684021, "boxs": [1007.4840698242188, 511.4765319824219, 1059.02001953125, 597.6429443359375]}
{"label": "postcard", "probs": 0.5401555299758911, "boxs": [85.24282836914062, 766.3584594726562, 112.15498352050781, 824.02880859375]}
{"label": "postcard", "probs": 0.5395331978797913, "boxs": [202.3318634033203, 708.0745849609375, 230.78143310546875, 747.7194213867188]}
{"label": "person", "probs": 0.5326544642448425, "boxs": [1363.93359375, 436.8106994628906, 1423.6448974609375, 495.6676330566406]}
{"label": "signboard", "probs": 0.5302762985229492, "boxs": [1427.751953125, 405.53851318359375, 1500.9476318359375, 438.44195556640625]}
{"label": "jean", "probs": 0.5300738215446472, "boxs": [1295.9844970703125, 713.1305541992188, 1396.9014892578125, 931.6890869140625]}
{"label": "short_pants", "probs": 0.5224995613098145, "boxs": [1107.7314453125, 592.74169921875, 1151.5404052734375, 644.7561645507812]}
{"label": "handbag", "probs": 0.5215094685554504, "boxs": [562.7272338867188, 423.40576171875, 789.0238647460938, 734.0877685546875]}
{"label": "postcard", "probs": 0.5205826759338379, "boxs": [300.3506774902344, 658.3486328125, 318.6181335449219, 700.0258178710938]}
{"label": "postcard", "probs": 0.5203284621238708, "boxs": [250.81271362304688, 613.1204833984375, 268.8049011230469, 635.597412109375]}
{"label": "strap", "probs": 0.5074070692062378, "boxs": [617.8216552734375, 424.6763610839844, 657.6099853515625, 560.7978515625]}
{"label": "postcard", "probs": 0.5027875304222107,