{"label": "car_(automobile)", "probs": 0.9643577337265015, "boxs": [0.025088058784604073, 561.476806640625, 240.47024536132812, 753.4970092773438]}
{"label": "car_(automobile)", "probs": 0.9435674548149109, "boxs": [588.4165649414062, 572.2871704101562, 868.5302734375, 774.7539672851562]}
{"label": "car_(automobile)", "probs": 0.9396613240242004, "boxs": [209.9270477294922, 578.3294067382812, 389.6406555175781, 709.7159423828125]}
{"label": "car_(automobile)", "probs": 0.8957484364509583, "boxs": [439.6631774902344, 579.7675170898438, 633.6810302734375, 713.3433837890625]}
{"label": "person", "probs": 0.8649042844772339, "boxs": [1729.6273193359375, 616.7100830078125, 1783.8089599609375, 715.4803466796875]}
{"label": "license_plate", "probs": 0.7727567553520203, "boxs": [659.7991333007812, 703.9510498046875, 741.07666015625, 724.1651000976562]}
{"label": "headlight", "probs": 0.7593538761138916, "boxs": [757.638427734375, 667.2619018554688, 819.1614379882812, 694.7818603515625]}
{"label": "grill", "probs": 0.7521182894706726, "boxs": [650.4614868164062, 674.006591796875, 755.5068359375, 696.94482421875]}
{"label": "person", "probs": 0.7367977499961853, "boxs": [1664.845947265625, 620.9050903320312, 1724.319580078125, 711.25]}
{"label": "license_plate", "probs": 0.7294617295265198, "boxs": [480.7766418457031, 668.9378051757812, 531.5679931640625, 679.9371337890625]}
{"label": "headlight", "probs": 0.7131037712097168, "boxs": [559.4869384765625, 639.0648803710938, 599.9804077148438, 661.3096313476562]}
{"label": "street_sign", "probs": 0.6950958967208862, "boxs": [247.80206298828125, 0.004279174841940403, 859.7545776367188, 98.43254089355469]}
{"label": "street_sign", "probs": 0.6843947172164917, "boxs": [1382.2996826171875, 92.31649017333984, 1616.137939453125, 271.256591796875]}
{"label": "rearview_mirror", "probs": 0.6804002523422241, "boxs": [463.3380126953125, 612.6434936523438, 479.7551574707031, 624.6419677734375]}
{"label": "rearview_mirror", "probs": 0.678593099117279, "boxs": [604.0552978515625, 614.63232421875, 630.4172973632812, 635.768798828125]}
{"label": "headlight", "probs": 0.6629839539527893, "boxs": [599.9540405273438, 664.8402099609375, 645.4855346679688, 693.2042846679688]}
{"label": "car_(automobile)", "probs": 0.6623427271842957, "boxs": [816.310546875, 577.30126953125, 878.8981323242188, 725.4564819335938]}
{"label": "person", "probs": 0.6519168615341187, "boxs": [480.34930419921875, 556.4894409179688, 516.859619140625, 613.5606079101562]}
{"label": "flowerpot", "probs": 0.6426447629928589, "boxs": [1537.53466796875, 717.5889282226562, 1877.8709716796875, 1076.996337890625]}
{"label": "wheel", "probs": 0.6118718981742859, "boxs": [21.966585159301758, 667.724609375, 78.3784408569336, 753.0332641601562]}
{"label": "headlight", "probs": 0.6088765859603882, "boxs": [445.4500732421875, 636.6557006835938, 470.26190185546875, 657.9668579101562]}
{"label": "pole", "probs": 0.6034557223320007, "boxs": [380.1298828125, 9.537495613098145, 454.3995056152344, 1020.21875]}
{"label": "wheel", "probs": 0.5788624286651611, "boxs": [182.176025390625, 660.4900512695312, 230.7890167236328, 726.3977661132812]}
{"label": "headlight", "probs": 0.5746468305587769, "boxs": [0.21910567581653595, 650.3008422851562, 25.111352920532227, 670.08447265625]}
{"label": "car_(automobile)", "probs": 0.5719807744026184, "boxs": [858.8551025390625, 592.3709106445312, 908.7807006835938, 661.990234375]}
{"label": "traffic_light", "probs": 0.5609865784645081, "boxs": [1149.5108642578125, 567.2560424804688, 1176.074951171875, 615.1156616210938]}
{"label": "wheel", "probs": 0.5397098660469055, "boxs": [353.7767639160156, 654.6193237304688, 381.060791015625, 697.362548828125]}
{"label": "pole", "probs": 0.5323886275291443, "boxs": [1131.5240478515625, 444.24951171875, 1149.495849609375, 764.2108764648438]}
{"label": "rearview_mirror", "probs": 0.5290250182151794, "boxs": [89.410888671875, 602.5999755859375, 130.69435119628906, 624.0767211914062]}
{"label": "pole", "probs": 0.5282658934593201, "boxs": [1849.835693359375, 737.666015625, 1878.3372802734375, 1075.4158935546875]}
{"label": "headlight", "probs": 0.5011186003684998, "boxs": [236.17892456054688, 645.6906127929688, 280.7712707519531, 662.1265258789062]}
