{"label": "car_(automobile)", "probs": 0.9351131916046143, "boxs": [230.71176147460938, 565.3883666992188, 575.8380126953125, 759.8358154296875]}
{"label": "car_(automobile)", "probs": 0.9337878227233887, "boxs": [0.40854084491729736, 561.8140258789062, 152.88099670410156, 742.677490234375]}
{"label": "car_(automobile)", "probs": 0.9335667490959167, "boxs": [557.2607421875, 571.167724609375, 863.5014038085938, 795.8361206054688]}
{"label": "car_(automobile)", "probs": 0.8494986891746521, "boxs": [193.2467803955078, 581.1019897460938, 335.7964782714844, 717.2965087890625]}
{"label": "license_plate", "probs": 0.8157397508621216, "boxs": [636.6868286132812, 717.9049682617188, 729.0244140625, 737.6000366210938]}
{"label": "grill", "probs": 0.7906844019889832, "boxs": [627.0298461914062, 681.7685546875, 746.2503662109375, 707.9916381835938]}
{"label": "car_(automobile)", "probs": 0.7823050022125244, "boxs": [822.5560913085938, 579.4771728515625, 888.4967041015625, 728.9235229492188]}
{"label": "license_plate", "probs": 0.768032431602478, "boxs": [287.5384826660156, 692.3811645507812, 364.7063903808594, 709.330078125]}
{"label": "person", "probs": 0.7553765773773193, "boxs": [1839.1678466796875, 639.2534790039062, 1863.175048828125, 725.325439453125]}
{"label": "headlight", "probs": 0.7403852939605713, "boxs": [405.0933532714844, 654.4237060546875, 464.6141357421875, 680.396240234375]}
{"label": "headlight", "probs": 0.7385003566741943, "boxs": [569.3475341796875, 669.1911010742188, 622.2818603515625, 704.4140014648438]}
{"label": "rearview_mirror", "probs": 0.7171084880828857, "boxs": [580.7559204101562, 616.3674926757812, 607.4852294921875, 637.082763671875]}
{"label": "car_(automobile)", "probs": 0.712359607219696, "boxs": [863.0176391601562, 591.436767578125, 921.5941162109375, 666.3790893554688]}
{"label": "headlight", "probs": 0.6949095726013184, "boxs": [748.4254760742188, 675.2881469726562, 819.1478271484375, 705.3103637695312]}
{"label": "rearview_mirror", "probs": 0.6800193190574646, "boxs": [493.7228088378906, 616.159912109375, 531.5858764648438, 634.48193359375]}
{"label": "street_sign", "probs": 0.6709567904472351, "boxs": [1611.46875, 0.07898621261119843, 1916.609130859375, 92.30220794677734]}
{"label": "rearview_mirror", "probs": 0.61478191614151, "boxs": [828.1868286132812, 622.9229125976562, 864.6315307617188, 641.02978515625]}
{"label": "grill", "probs": 0.5786260366439819, "boxs": [283.275146484375, 670.6943359375, 388.76202392578125, 685.0916748046875]}
{"label": "pole", "probs": 0.5680453777313232, "boxs": [123.81588745117188, 1.4926025867462158, 228.14205932617188, 1071.7880859375]}
{"label": "headlight", "probs": 0.5677234530448914, "boxs": [564.99951171875, 737.1669921875, 596.6694946289062, 755.85009765625]}
{"label": "wheel", "probs": 0.5629796385765076, "boxs": [443.9873352050781, 678.0422973632812, 491.4974365234375, 758.6582641601562]}
{"label": "pole", "probs": 0.5324828624725342, "boxs": [1688.56103515625, 74.43875122070312, 1852.998779296875, 1080.0]}
{"label": "grill", "probs": 0.529666543006897, "boxs": [599.7044677734375, 736.0172729492188, 766.4160766601562, 762.5260009765625]}
{"label": "headlight", "probs": 0.5238094329833984, "boxs": [195.93798828125, 656.8875122070312, 246.92214965820312, 669.4476928710938]}
{"label": "rearview_mirror", "probs": 0.5212498307228088, "boxs": [18.237430572509766, 601.4528198242188, 54.4454460144043, 627.2249145507812]}
{"label": "wheel", "probs": 0.5133907794952393, "boxs": [243.837646484375, 736.6826171875, 292.0138244628906, 758.3633422851562]}
