{"label": "car_(automobile)", "probs": 0.9527743458747864, "boxs": [469.4361572265625, 598.2431640625, 893.5491333007812, 901.8759155273438]}
{"label": "car_(automobile)", "probs": 0.9141703248023987, "boxs": [0.1240309476852417, 599.9949951171875, 86.4009780883789, 802.6566162109375]}
{"label": "car_(automobile)", "probs": 0.9060395359992981, "boxs": [60.776222229003906, 603.6441040039062, 329.67828369140625, 769.731201171875]}
{"label": "car_(automobile)", "probs": 0.8479583263397217, "boxs": [821.633544921875, 602.16259765625, 927.8842163085938, 773.3970947265625]}
{"label": "license_plate", "probs": 0.8006147742271423, "boxs": [567.3807373046875, 808.2286987304688, 690.1543579101562, 837.187255859375]}
{"label": "grill", "probs": 0.7808089256286621, "boxs": [552.2606201171875, 757.2188720703125, 718.785888671875, 795.5564575195312]}
{"label": "car_(automobile)", "probs": 0.7212218046188354, "boxs": [903.5240478515625, 611.9222412109375, 961.5090942382812, 695.7299194335938]}
{"label": "headlight", "probs": 0.715752899646759, "boxs": [719.4042358398438, 746.2733764648438, 814.0929565429688, 791.6069946289062]}
{"label": "headlight", "probs": 0.712066650390625, "boxs": [479.3303527832031, 739.9011840820312, 546.8885498046875, 788.0198974609375]}
{"label": "person", "probs": 0.7105944156646729, "boxs": [501.569091796875, 588.6130981445312, 550.5302734375, 674.3086547851562]}
{"label": "windshield_wiper", "probs": 0.6324822306632996, "boxs": [142.31643676757812, 655.8938598632812, 196.2700653076172, 662.4000244140625]}
{"label": "wheel", "probs": 0.5967767238616943, "boxs": [786.33447265625, 766.544677734375, 845.750732421875, 899.8558349609375]}
{"label": "headlight", "probs": 0.590573251247406, "boxs": [474.2946472167969, 831.4185180664062, 515.683349609375, 860.5380859375]}
{"label": "wheel", "probs": 0.565071702003479, "boxs": [160.5871124267578, 708.6491088867188, 210.81434631347656, 771.2269287109375]}
{"label": "street_sign", "probs": 0.5616738796234131, "boxs": [1280.9156494140625, 495.16522216796875, 1332.9093017578125, 901.1266479492188]}
{"label": "blinker", "probs": 0.5416597723960876, "boxs": [143.21629333496094, 691.8709106445312, 164.1181640625, 711.2671508789062]}
{"label": "wheel", "probs": 0.5370897054672241, "boxs": [11.016064643859863, 719.0111083984375, 72.52588653564453, 801.0281372070312]}
{"label": "rearview_mirror", "probs": 0.5050848722457886, "boxs": [218.50332641601562, 650.0875244140625, 246.4988250732422, 666.4520263671875]}
{"label": "wheel", "probs": 0.502266526222229, "boxs": [281.8527526855469, 701.1913452148438, 312.86163330078125, 748.7470092773438]}
