{"label": "car_(automobile)", "probs": 0.95944744348526, "boxs": [438.5086669921875, 596.7340087890625, 894.5264892578125, 923.8382568359375]}
{"label": "car_(automobile)", "probs": 0.8892956972122192, "boxs": [38.05297088623047, 604.9783325195312, 322.04876708984375, 778.3267822265625]}
{"label": "car_(automobile)", "probs": 0.8674045205116272, "boxs": [0.31118038296699524, 629.8016357421875, 58.969093322753906, 808.92626953125]}
{"label": "car_(automobile)", "probs": 0.845394492149353, "boxs": [820.110107421875, 602.3482666015625, 935.4743041992188, 775.8292846679688]}
{"label": "person", "probs": 0.7992938756942749, "boxs": [515.2546997070312, 589.2361450195312, 564.468505859375, 658.2266845703125]}
{"label": "grill", "probs": 0.7717388868331909, "boxs": [526.8953857421875, 769.8992309570312, 702.479248046875, 809.6449584960938]}
{"label": "license_plate", "probs": 0.7676889896392822, "boxs": [537.7500610351562, 823.9481811523438, 674.1743774414062, 856.9307250976562]}
{"label": "headlight", "probs": 0.7214522957801819, "boxs": [707.6138305664062, 755.7906494140625, 812.65966796875, 804.175537109375]}
{"label": "rearview_mirror", "probs": 0.7054429054260254, "boxs": [496.7364501953125, 665.2244873046875, 531.0003662109375, 688.7545776367188]}
{"label": "headlight", "probs": 0.7004672288894653, "boxs": [448.22332763671875, 749.2881469726562, 519.0044555664062, 803.7183227539062]}
{"label": "car_(automobile)", "probs": 0.6846287250518799, "boxs": [915.0755004882812, 614.3853149414062, 970.1615600585938, 697.3058471679688]}
{"label": "headlight", "probs": 0.6119461059570312, "boxs": [441.62738037109375, 849.149169921875, 486.6827697753906, 881.0097045898438]}
{"label": "wheel", "probs": 0.6061623692512512, "boxs": [0.21374575793743134, 719.0966186523438, 42.52236557006836, 809.4300537109375]}
{"label": "taillight", "probs": 0.6024695038795471, "boxs": [43.80690383911133, 660.0407104492188, 55.421058654785156, 681.9284057617188]}
{"label": "wheel", "probs": 0.5948706269264221, "boxs": [777.8974609375, 776.3467407226562, 846.1229248046875, 923.0618286132812]}
{"label": "lamppost", "probs": 0.581558346748352, "boxs": [1665.091064453125, 223.33900451660156, 1694.749267578125, 757.8956298828125]}
{"label": "wheel", "probs": 0.5766702890396118, "boxs": [140.38082885742188, 717.5443115234375, 188.28213500976562, 778.0938110351562]}
{"label": "blinker", "probs": 0.5641006827354431, "boxs": [119.02017211914062, 696.7435302734375, 140.2236328125, 715.64501953125]}
{"label": "wheel", "probs": 0.5456790328025818, "boxs": [271.3082275390625, 700.8960571289062, 302.41424560546875, 753.7332153320312]}
{"label": "street_sign", "probs": 0.5348722338676453, "boxs": [1312.29248046875, 400.1443786621094, 1330.68896484375, 497.9880676269531]}
{"label": "doorknob", "probs": 0.5339077711105347, "boxs": [240.89108276367188, 670.6707153320312, 250.83926391601562, 676.3658447265625]}
{"label": "street_sign", "probs": 0.5306872725486755, "boxs": [1318.6043701171875, 484.8244934082031, 1363.697021484375, 784.3936157226562]}
{"label": "wheel", "probs": 0.5128559470176697, "boxs": [885.5125122070312, 688.1185913085938, 921.2208862304688, 777.0628662109375]}
{"label": "rearview_mirror", "probs": 0.50370192527771, "boxs": [832.9595947265625, 668.105224609375, 893.3147583007812, 702.077392578125]}
{"label": "grill", "probs": 0.5026465058326721, "boxs": [53.83024215698242, 698.8562622070312, 88.17036437988281, 714.2257080078125]}
