{"label": "car_(automobile)", "probs": 0.9429941177368164, "boxs": [380.1900939941406, 599.4911499023438, 892.8270263671875, 959.1656494140625]}
{"label": "car_(automobile)", "probs": 0.868098795413971, "boxs": [793.2308349609375, 603.7131958007812, 943.5184936523438, 783.4939575195312]}
{"label": "car_(automobile)", "probs": 0.8415916562080383, "boxs": [1.7655158042907715, 607.9718017578125, 309.477294921875, 787.5657958984375]}
{"label": "person", "probs": 0.8212528228759766, "boxs": [522.9805297851562, 590.7268676757812, 563.8975830078125, 647.4389038085938]}
{"label": "car_(automobile)", "probs": 0.7880104184150696, "boxs": [916.5362548828125, 613.9739379882812, 976.6682739257812, 700.0798950195312]}
{"label": "grill", "probs": 0.7695477604866028, "boxs": [476.8636779785156, 793.9637451171875, 673.3936157226562, 838.2360229492188]}
{"label": "rearview_mirror", "probs": 0.7502738833427429, "boxs": [821.5551147460938, 681.5772094726562, 883.16796875, 713.9322509765625]}
{"label": "license_plate", "probs": 0.7276260852813721, "boxs": [489.8953552246094, 854.1497802734375, 639.8428344726562, 889.4793701171875]}
{"label": "rearview_mirror", "probs": 0.7093090415000916, "boxs": [456.94384765625, 674.0303955078125, 495.86865234375, 700.41455078125]}
{"label": "headlight", "probs": 0.7060137391090393, "boxs": [675.6235961914062, 777.6585083007812, 796.3448486328125, 834.0390625]}
{"label": "headlight", "probs": 0.7008020877838135, "boxs": [393.967529296875, 769.428955078125, 467.4925231933594, 830.730712890625]}
{"label": "steering_wheel", "probs": 0.6666429042816162, "boxs": [641.8663330078125, 689.4617309570312, 677.6963500976562, 701.2251586914062]}
{"label": "car_(automobile)", "probs": 0.6184674501419067, "boxs": [0.0, 668.9756469726562, 18.973112106323242, 780.8027954101562]}
{"label": "lamppost", "probs": 0.5863782167434692, "boxs": [1701.3021240234375, 212.47137451171875, 1734.2569580078125, 762.6260375976562]}
{"label": "taillight", "probs": 0.5747516751289368, "boxs": [502.7278747558594, 647.6777954101562, 526.6043090820312, 670.0784912109375]}
{"label": "street_sign", "probs": 0.5733048915863037, "boxs": [1336.252197265625, 504.521240234375, 1353.161376953125, 554.6893920898438]}
{"label": "blinker", "probs": 0.5690301060676575, "boxs": [84.27570343017578, 702.8598022460938, 105.20478820800781, 722.7789306640625]}
{"label": "wheel", "probs": 0.5677395462989807, "boxs": [246.97926330566406, 710.4307861328125, 286.157958984375, 761.197998046875]}
{"label": "rearview_mirror", "probs": 0.5582995414733887, "boxs": [171.2208709716797, 658.0343017578125, 201.67942810058594, 674.4188232421875]}
{"label": "wheel", "probs": 0.5573247671127319, "boxs": [107.6413345336914, 725.5250244140625, 163.00523376464844, 788.1205444335938]}
{"label": "wheel", "probs": 0.5514312982559204, "boxs": [767.0313720703125, 805.8916015625, 832.5784912109375, 957.3883056640625]}
{"label": "street_sign", "probs": 0.5476665496826172, "boxs": [1335.310302734375, 386.30853271484375, 1361.48291015625, 499.68963623046875]}
{"label": "taillight", "probs": 0.5030683875083923, "boxs": [0.6065261960029602, 668.911865234375, 9.76690673828125, 696.9607543945312]}
{"label": "windshield_wiper", "probs": 0.5007294416427612, "boxs": [8.679990768432617, 660.9760131835938, 71.55068969726562, 668.881103515625]}
