{"label": "street_sign", "probs": 0.7638064026832581, "boxs": [1048.7845458984375, 793.971923828125, 1213.7467041015625, 915.3318481445312]}
{"label": "streetlight", "probs": 0.7245438694953918, "boxs": [300.4684753417969, 829.38720703125, 560.1572875976562, 1080.0]}
{"label": "streetlight", "probs": 0.693981409072876, "boxs": [1001.11669921875, 143.53546142578125, 1331.7725830078125, 1075.0203857421875]}
{"label": "streetlight", "probs": 0.6566483974456787, "boxs": [1269.3250732421875, 217.58450317382812, 1331.859375, 257.4226989746094]}
{"label": "streetlight", "probs": 0.6013270616531372, "boxs": [529.0722045898438, 835.7806396484375, 560.02685546875, 847.1549072265625]}
{"label": "vent", "probs": 0.5106701850891113, "boxs": [93.84303283691406, 969.5904541015625, 182.4672393798828, 1012.3724365234375]}
