{"label": "street_sign", "probs": 0.7795007824897766, "boxs": [1050.7685546875, 637.5226440429688, 1227.3079833984375, 765.68603515625]}
{"label": "flagpole", "probs": 0.7273131012916565, "boxs": [1414.5753173828125, 869.7150268554688, 1450.9254150390625, 1078.9764404296875]}
{"label": "flagpole", "probs": 0.6311923861503601, "boxs": [1236.7669677734375, 919.167236328125, 1248.5240478515625, 985.1061401367188]}
{"label": "streetlight", "probs": 0.6210165619850159, "boxs": [1295.0101318359375, 45.36688995361328, 1359.72119140625, 90.47377014160156]}
{"label": "streetlight", "probs": 0.5976791381835938, "boxs": [1009.473388671875, 3.832954168319702, 1361.5240478515625, 1076.8463134765625]}
{"label": "streetlight", "probs": 0.5819966197013855, "boxs": [303.8824462890625, 708.3617553710938, 584.8400268554688, 1078.0059814453125]}
{"label": "streetlight", "probs": 0.5744888782501221, "boxs": [550.498046875, 711.9219360351562, 581.4335327148438, 725.2357788085938]}
{"label": "pole", "probs": 0.5686407089233398, "boxs": [1123.206787109375, 737.9735717773438, 1167.35546875, 1080.0]}
{"label": "vent", "probs": 0.5608792901039124, "boxs": [170.77528381347656, 849.1597900390625, 214.24130249023438, 886.1798706054688]}
{"label": "streetlight", "probs": 0.5322602987289429, "boxs": [1175.3824462890625, 0.8248782753944397, 1360.0335693359375, 91.08467102050781]}
{"label": "bolt", "probs": 0.5070353150367737, "boxs": [1061.8841552734375, 727.1918334960938, 1067.8843994140625, 734.7723999023438]}
