{"label": "person", "probs": 0.8687407374382019, "boxs": [1454.218994140625, 975.9016723632812, 1542.6187744140625, 1079.1680908203125]}
{"label": "street_sign", "probs": 0.7403810024261475, "boxs": [1127.5816650390625, 526.0628662109375, 1317.083740234375, 678.5858764648438]}
{"label": "vent", "probs": 0.7370011210441589, "boxs": [242.37535095214844, 783.5586547851562, 327.5005187988281, 825.5074462890625]}
{"label": "flagpole", "probs": 0.6806124448776245, "boxs": [1524.53076171875, 786.28857421875, 1573.3131103515625, 1079.99267578125]}
{"label": "street_sign", "probs": 0.6747453212738037, "boxs": [414.070068359375, 1021.2378540039062, 445.9585266113281, 1047.0362548828125]}
{"label": "awning", "probs": 0.6185159683227539, "boxs": [131.54791259765625, 942.9979858398438, 290.5479736328125, 1058.217529296875]}
{"label": "pole", "probs": 0.6121653914451599, "boxs": [1206.1910400390625, 634.2518310546875, 1266.5299072265625, 1079.8204345703125]}
{"label": "streetlight", "probs": 0.589012086391449, "boxs": [1337.917236328125, 839.3887329101562, 1346.73388671875, 847.4767456054688]}
{"label": "streetlight", "probs": 0.5514855980873108, "boxs": [640.1144409179688, 646.7625122070312, 671.81396484375, 660.2494506835938]}
{"label": "streetlight", "probs": 0.5471500754356384, "boxs": [402.7391052246094, 644.342041015625, 676.83642578125, 1079.664306640625]}
