{"label": "person", "probs": 0.9432721734046936, "boxs": [1613.0108642578125, 889.0738525390625, 1830.422607421875, 1077.4031982421875]}
{"label": "person", "probs": 0.8081704378128052, "boxs": [180.9820098876953, 1006.6953735351562, 231.73179626464844, 1079.7166748046875]}
{"label": "person", "probs": 0.8001354932785034, "boxs": [238.45770263671875, 1011.6923217773438, 291.0664978027344, 1080.0]}
{"label": "vent", "probs": 0.7915368676185608, "boxs": [151.43955993652344, 708.6656494140625, 236.96640014648438, 749.7879028320312]}
{"label": "person", "probs": 0.780404806137085, "boxs": [425.0577087402344, 1012.734375, 478.3938293457031, 1080.0]}
{"label": "street_sign", "probs": 0.7736473083496094, "boxs": [1286.880859375, 387.3763732910156, 1490.9310302734375, 570.1937255859375]}
{"label": "flag", "probs": 0.766506016254425, "boxs": [1742.6492919921875, 795.2574462890625, 1775.153076171875, 846.8035278320312]}
{"label": "person", "probs": 0.716251015663147, "boxs": [0.3416668474674225, 1004.0831298828125, 25.939775466918945, 1079.3477783203125]}
{"label": "flagpole", "probs": 0.7094392776489258, "boxs": [1740.3902587890625, 699.5478515625, 1806.3392333984375, 993.9442138671875]}
{"label": "vent", "probs": 0.703182578086853, "boxs": [448.5697021484375, 732.1339111328125, 524.0444946289062, 770.1400756835938]}
{"label": "person", "probs": 0.6733613610267639, "boxs": [325.54827880859375, 1028.4967041015625, 366.31207275390625, 1079.9298095703125]}
{"label": "signboard", "probs": 0.6513513922691345, "boxs": [359.4981384277344, 884.2064208984375, 497.342041015625, 992.5669555664062]}
{"label": "street_sign", "probs": 0.6418812274932861, "boxs": [613.527099609375, 953.7542114257812, 640.5955810546875, 978.1343383789062]}
{"label": "flagpole", "probs": 0.6292239427566528, "boxs": [1648.1546630859375, 729.9058227539062, 1674.364990234375, 857.1626586914062]}
{"label": "pole", "probs": 0.6165284514427185, "boxs": [1375.2755126953125, 522.9511108398438, 1470.1910400390625, 1077.944580078125]}
{"label": "streetlight", "probs": 0.6037099361419678, "boxs": [810.5723876953125, 586.5654296875, 839.9158325195312, 599.23486328125]}
{"label": "streetlight", "probs": 0.5847551226615906, "boxs": [602.680419921875, 589.9434204101562, 839.942138671875, 1080.0]}
{"label": "shirt", "probs": 0.5658795237541199, "boxs": [1611.4422607421875, 993.1622314453125, 1830.0235595703125, 1078.930908203125]}
{"label": "pole", "probs": 0.5471406579017639, "boxs": [1211.5435791015625, 3.3713526725769043, 1320.114990234375, 1080.0]}
{"label": "vent", "probs": 0.5200785994529724, "boxs": [449.0997314453125, 732.90087890625, 487.196044921875, 767.0353393554688]}
{"label": "camera", "probs": 0.5163607001304626, "boxs": [34.41702651977539, 1014.4498291015625, 68.01788330078125, 1041.5865478515625]}
{"label": "flag", "probs": 0.5078216791152954, "boxs": [1647.509765625, 776.7750244140625, 1672.5247802734375, 847.4680786132812]}
