{"label": "car_(automobile)", "probs": 0.9051032066345215, "boxs": [976.1736450195312, 1009.5855712890625, 1133.818115234375, 1065.7373046875]}
{"label": "person", "probs": 0.8952487707138062, "boxs": [1729.2987060546875, 814.6279907226562, 1919.89111328125, 1077.2086181640625]}
{"label": "person", "probs": 0.8920568823814392, "boxs": [316.2496643066406, 923.843505859375, 365.7215270996094, 1060.45849609375]}
{"label": "person", "probs": 0.8677331805229187, "boxs": [448.4428405761719, 945.552001953125, 498.38818359375, 1044.655029296875]}
{"label": "person", "probs": 0.867039680480957, "boxs": [372.988525390625, 929.299072265625, 421.60699462890625, 1049.9420166015625]}
{"label": "person", "probs": 0.8640039563179016, "boxs": [550.6570434570312, 931.3543090820312, 599.7586059570312, 1060.7642822265625]}
{"label": "person", "probs": 0.8109250068664551, "boxs": [176.81658935546875, 930.4671630859375, 226.4993896484375, 1058.7503662109375]}
{"label": "person", "probs": 0.8090173602104187, "boxs": [114.83729553222656, 924.3412475585938, 175.98745727539062, 1029.0460205078125]}
{"label": "earring", "probs": 0.7533338069915771, "boxs": [1815.879150390625, 894.5275268554688, 1832.7252197265625, 915.6476440429688]}
{"label": "person", "probs": 0.7528403401374817, "boxs": [0.0, 937.2283935546875, 39.76567840576172, 1068.578125]}
{"label": "vent", "probs": 0.7513782382011414, "boxs": [278.1890563964844, 641.04833984375, 357.743896484375, 679.3775024414062]}
{"label": "street_sign", "probs": 0.7458046674728394, "boxs": [1383.4564208984375, 233.85736083984375, 1611.306884765625, 452.7950744628906]}
{"label": "motorcycle", "probs": 0.7244518399238586, "boxs": [24.839853286743164, 1005.2938842773438, 126.3888931274414, 1079.4083251953125]}
{"label": "flag", "probs": 0.7111862897872925, "boxs": [1891.315185546875, 660.132080078125, 1919.38916015625, 756.0386962890625]}
{"label": "vent", "probs": 0.7012119889259338, "boxs": [2.1695785522460938, 623.2186889648438, 55.32846450805664, 659.376708984375]}
{"label": "person", "probs": 0.6980821490287781, "boxs": [1164.100341796875, 1000.3936157226562, 1191.103271484375, 1075.9150390625]}
{"label": "blouse", "probs": 0.6912830471992493, "boxs": [1729.753173828125, 929.9715576171875, 1919.9996337890625, 1079.8751220703125]}
{"label": "vent", "probs": 0.6869363188743591, "boxs": [562.1180419921875, 658.0831909179688, 634.4057006835938, 695.04736328125]}
{"label": "signboard", "probs": 0.6806982755661011, "boxs": [483.5472106933594, 808.2752075195312, 613.2846069335938, 912.295654296875]}
{"label": "flagpole", "probs": 0.6431571841239929, "boxs": [1786.3843994140625, 627.5234375, 1828.3095703125, 819.501953125]}
{"label": "car_(automobile)", "probs": 0.6116689443588257, "boxs": [757.0841674804688, 1014.9666137695312, 815.2898559570312, 1039.1199951171875]}
{"label": "wheel", "probs": 0.60073322057724, "boxs": [1071.24658203125, 1042.254638671875, 1093.86962890625, 1065.74658203125]}
{"label": "street_sign", "probs": 0.5930132269859314, "boxs": [726.5281982421875, 873.7731323242188, 748.5025024414062, 896.6419067382812]}
{"label": "flagpole", "probs": 0.5909013152122498, "boxs": [1787.0142822265625, 631.6907958984375, 1813.9794921875, 750.3673095703125]}
{"label": "streetlight", "probs": 0.5824887752532959, "boxs": [910.5308837890625, 507.3736267089844, 937.9931640625, 519.698486328125]}
{"label": "pole", "probs": 0.57777339220047, "boxs": [1306.3016357421875, 0.1527099609375, 1433.60205078125, 1073.0548095703125]}
{"label": "pole", "probs": 0.5571051836013794, "boxs": [1473.5216064453125, 398.1231994628906, 1595.2401123046875, 1079.8963623046875]}
{"label": "flagpole", "probs": 0.5531534552574158, "boxs": [1671.8095703125, 671.3514404296875, 1688.17919921875, 732.6998291015625]}
{"label": "car_(automobile)", "probs": 0.5207784175872803, "boxs": [1268.2833251953125, 992.257568359375, 1361.062744140625, 1039.1697998046875]}
{"label": "poster", "probs": 0.5171043872833252, "boxs": [180.7325897216797, 916.3624877929688, 221.04302978515625, 966.5758056640625]}
{"label": "streetlight", "probs": 0.5154059529304504, "boxs": [719.6353759765625, 508.6864013671875, 937.2904663085938, 1048.873046875]}
{"label": "car_(automobile)", "probs": 0.5047928094863892, "boxs": [986.6078491210938, 1003.7349853515625, 1041.906005859375, 1028.392333984375]}
