{"label": "person", "probs": 0.9069780707359314, "boxs": [135.0106658935547, 764.5802612304688, 197.32704162597656, 877.3289794921875]}
{"label": "person", "probs": 0.8947753310203552, "boxs": [787.1104736328125, 768.743896484375, 833.3646240234375, 882.06201171875]}
{"label": "person", "probs": 0.8783314824104309, "boxs": [286.72119140625, 780.186767578125, 325.00445556640625, 873.4993286132812]}
{"label": "person", "probs": 0.8712138533592224, "boxs": [620.1377563476562, 769.0242919921875, 665.0348510742188, 876.5968017578125]}
{"label": "car_(automobile)", "probs": 0.8711509704589844, "boxs": [1126.6243896484375, 844.0218505859375, 1243.5166015625, 893.53662109375]}
{"label": "person", "probs": 0.8696520924568176, "boxs": [569.7843627929688, 765.00732421875, 614.1052856445312, 872.186279296875]}
{"label": "person", "probs": 0.8489964008331299, "boxs": [389.3136291503906, 766.269287109375, 441.53704833984375, 883.2379760742188]}
{"label": "person", "probs": 0.843623161315918, "boxs": [11.547080993652344, 762.8818359375, 51.11452865600586, 883.653076171875]}
{"label": "person", "probs": 0.8221988677978516, "boxs": [42.9471321105957, 760.5321044921875, 85.10269165039062, 865.2891235351562]}
{"label": "person", "probs": 0.8185486793518066, "boxs": [693.8485107421875, 783.332275390625, 734.5006713867188, 875.2345581054688]}
{"label": "bicycle", "probs": 0.7668144702911377, "boxs": [728.1224365234375, 840.6892700195312, 798.6807861328125, 915.560302734375]}
{"label": "person", "probs": 0.7643508911132812, "boxs": [445.67938232421875, 770.5150146484375, 485.5749206542969, 886.722412109375]}
{"label": "street_sign", "probs": 0.7448850274085999, "boxs": [1524.0986328125, 0.08120544999837875, 1603.0810546875, 75.6409683227539]}
{"label": "vent", "probs": 0.7404922246932983, "boxs": [512.52099609375, 493.9845886230469, 585.5656127929688, 527.881591796875]}
{"label": "person", "probs": 0.7333226799964905, "boxs": [1352.130859375, 842.9618530273438, 1378.921630859375, 911.6731567382812]}
{"label": "ladder", "probs": 0.723487377166748, "boxs": [29.780635833740234, 836.5344848632812, 90.78599548339844, 917.8276977539062]}
{"label": "vent", "probs": 0.7059919238090515, "boxs": [234.92141723632812, 486.228271484375, 309.72027587890625, 523.189453125]}
{"label": "signboard", "probs": 0.7010921835899353, "boxs": [719.103759765625, 648.79736328125, 837.7918701171875, 748.4630737304688]}
{"label": "bicycle", "probs": 0.695077657699585, "boxs": [311.9588317871094, 840.40234375, 408.16204833984375, 916.0552978515625]}
{"label": "bicycle", "probs": 0.6873390674591064, "boxs": [797.565185546875, 865.6420288085938, 849.9451293945312, 916.8013916015625]}
{"label": "car_(automobile)", "probs": 0.6834818720817566, "boxs": [1044.714111328125, 847.8416748046875, 1090.61669921875, 870.6510620117188]}
{"label": "person", "probs": 0.675162672996521, "boxs": [476.5555725097656, 838.2551879882812, 506.44049072265625, 914.0424194335938]}
{"label": "vent", "probs": 0.6726488471031189, "boxs": [780.9409790039062, 500.0562744140625, 849.7294311523438, 534.6066284179688]}
{"label": "poster", "probs": 0.6632474064826965, "boxs": [441.0613098144531, 757.7225952148438, 476.39935302734375, 805.6329956054688]}
{"label": "bicycle", "probs": 0.6387896537780762, "boxs": [488.0882568359375, 869.4979248046875, 606.4287109375, 917.16455078125]}
{"label": "streetlight", "probs": 0.621767520904541, "boxs": [938.2698364257812, 325.21783447265625, 1146.099609375, 876.7434692382812]}
{"label": "pole", "probs": 0.6212117075920105, "boxs": [1441.1236572265625, 0.0, 1579.27099609375, 1079.9998779296875]}
{"label": "pole", "probs": 0.6169990301132202, "boxs": [1641.2998046875, 2.7069873809814453, 1818.1954345703125, 1080.0]}
{"label": "car_(automobile)", "probs": 0.589975893497467, "boxs": [1560.8629150390625, 825.4984741210938, 1649.8743896484375, 874.9918212890625]}
{"label": "streetlight", "probs": 0.58571857213974, "boxs": [1117.5250244140625, 319.3833923339844, 1147.843505859375, 332.1073303222656]}
{"label": "street_sign", "probs": 0.5784493684768677, "boxs": [1409.1199951171875, 797.83544921875, 1452.154296875, 811.0547485351562]}
{"label": "car_(automobile)", "probs": 0.5752061009407043, "boxs": [1292.5697021484375, 839.2029418945312, 1375.218017578125, 868.6552734375]}
{"label": "television_set", "probs": 0.5706873536109924, "boxs": [480.32733154296875, 522.48583984375, 594.2363891601562, 602.2593383789062]}
{"label": "person", "probs": 0.5573598146438599, "boxs": [947.8057861328125, 842.6419677734375, 982.0746459960938, 917.5772094726562]}
{"label": "bicycle", "probs": 0.5516475439071655, "boxs": [470.8507080078125, 875.6909790039062, 548.2724609375, 917.4061889648438]}
{"label": "backpack", "probs": 0.5363695025444031, "boxs": [630.0132446289062, 869.8392333984375, 684.653564453125, 915.187255859375]}
{"label": "wheel", "probs": 0.5309786200523376, "boxs": [1222.0172119140625, 884.8494262695312, 1232.0543212890625, 892.800048828125]}
{"label": "wheel", "probs": 0.5237769484519958, "boxs": [1130.9268798828125, 872.3807373046875, 1141.6610107421875, 890.2900390625]}
{"label": "car_(automobile)", "probs": 0.5134981274604797, "boxs": [1227.32470703125, 836.1414184570312, 1303.2181396484375, 869.417724609375]}
{"label": "jacket", "probs": 0.5043073296546936, "boxs": [789.0123291015625, 781.6920166015625, 832.8109130859375, 845.8307495117188]}
