{"label": "person", "probs": 0.9111785292625427, "boxs": [1119.4344482421875, 783.4526977539062, 1203.8704833984375, 1007.7437744140625]}
{"label": "person", "probs": 0.8953911066055298, "boxs": [219.33860778808594, 777.1524047851562, 313.6899719238281, 946.8760375976562]}
{"label": "person", "probs": 0.8863160610198975, "boxs": [201.40065002441406, 801.326904296875, 234.53500366210938, 908.4046020507812]}
{"label": "person", "probs": 0.8578633069992065, "boxs": [154.51597595214844, 793.2763061523438, 199.540283203125, 913.4122314453125]}
{"label": "person", "probs": 0.8422914147377014, "boxs": [296.9127197265625, 773.6505737304688, 330.0811462402344, 930.4534301757812]}
{"label": "person", "probs": 0.7999984622001648, "boxs": [1852.2392578125, 760.28662109375, 1919.8408203125, 838.0336303710938]}
{"label": "person", "probs": 0.7230353355407715, "boxs": [1521.7281494140625, 820.2234497070312, 1590.9747314453125, 917.4108276367188]}
{"label": "handcart", "probs": 0.7203680276870728, "boxs": [529.0430297851562, 740.1338500976562, 724.8928833007812, 1003.75634765625]}
{"label": "fan", "probs": 0.7136250138282776, "boxs": [0.5025853514671326, 260.3022766113281, 221.8672332763672, 346.5539245605469]}
{"label": "flowerpot", "probs": 0.6996951699256897, "boxs": [1249.4273681640625, 690.4129028320312, 1443.918212890625, 953.32080078125]}
{"label": "vent", "probs": 0.6829655766487122, "boxs": [462.0937805175781, 618.0144653320312, 532.1026000976562, 657.5353393554688]}
{"label": "person", "probs": 0.6717667579650879, "boxs": [975.4644165039062, 800.8143310546875, 1019.1104125976562, 931.11865234375]}
{"label": "suitcase", "probs": 0.6507248282432556, "boxs": [576.82177734375, 881.726806640625, 632.551513671875, 950.5549926757812]}
{"label": "postbox_(public)", "probs": 0.6296353340148926, "boxs": [104.56786346435547, 809.709716796875, 144.3860321044922, 917.7434692382812]}
{"label": "person", "probs": 0.6287898421287537, "boxs": [1429.0703125, 788.8565063476562, 1484.760498046875, 954.2264404296875]}
{"label": "person", "probs": 0.6066796183586121, "boxs": [270.822509765625, 777.9819946289062, 323.552001953125, 935.2716064453125]}
{"label": "jean", "probs": 0.6065559983253479, "boxs": [1125.91162109375, 901.9761962890625, 1197.33837890625, 992.3667602539062]}
{"label": "trash_can", "probs": 0.5835493803024292, "boxs": [0.0, 852.0155029296875, 46.10529327392578, 1023.255126953125]}
{"label": "pole", "probs": 0.5585892796516418, "boxs": [1531.28564453125, 428.8544921875, 1570.382080078125, 949.4717407226562]}
{"label": "wheel", "probs": 0.540215790271759, "boxs": [533.7589111328125, 963.3107299804688, 555.0820922851562, 990.7649536132812]}
{"label": "fan", "probs": 0.5368324518203735, "boxs": [0.6854985356330872, 4.431346416473389, 210.1314239501953, 350.1136474609375]}
{"label": "bus_(vehicle)", "probs": 0.53364497423172, "boxs": [1042.4039306640625, 758.6188354492188, 1275.7369384765625, 837.5674438476562]}
{"label": "shirt", "probs": 0.5321518182754517, "boxs": [1853.65234375, 794.3797607421875, 1919.6754150390625, 839.239990234375]}
{"label": "poster", "probs": 0.5272420644760132, "boxs": [622.7608032226562, 552.7293090820312, 733.7364501953125, 807.9116821289062]}
{"label": "person", "probs": 0.5154650807380676, "boxs": [1089.613525390625, 785.364990234375, 1111.3988037109375, 904.5054931640625]}
{"label": "wheel", "probs": 0.5106197595596313, "boxs": [569.0721435546875, 974.3076782226562, 594.036865234375, 1003.0433349609375]}
{"label": "jean", "probs": 0.5005284547805786, "boxs": [205.28509521484375, 855.913330078125, 225.75624084472656, 904.0506591796875]}
{"label": "shirt", "probs": 0.5002105236053467, "boxs": [298.9954833984375, 790.292236328125, 328.2135925292969, 853.1143188476562]}
