{"label": "person", "probs": 0.9323787093162537, "boxs": [281.9477233886719, 766.978271484375, 359.4918518066406, 936.9928588867188]}
{"label": "person", "probs": 0.9294476509094238, "boxs": [1087.9876708984375, 777.2542724609375, 1188.11572265625, 1036.0341796875]}
{"label": "person", "probs": 0.9259207844734192, "boxs": [106.2192153930664, 769.8878784179688, 211.6446075439453, 959.6890869140625]}
{"label": "person", "probs": 0.8985506892204285, "boxs": [229.9505157470703, 783.2817993164062, 280.9249267578125, 939.9111938476562]}
{"label": "person", "probs": 0.8653637170791626, "boxs": [120.28268432617188, 795.5805053710938, 154.599853515625, 917.7256469726562]}
{"label": "person", "probs": 0.8186548948287964, "boxs": [68.12477111816406, 788.6887817382812, 119.32410430908203, 916.1821899414062]}
{"label": "suitcase", "probs": 0.794529914855957, "boxs": [483.9404602050781, 889.3567504882812, 548.4036865234375, 967.07470703125]}
{"label": "handcart", "probs": 0.7228885889053345, "boxs": [412.7527770996094, 732.369873046875, 638.319580078125, 1035.547119140625]}
{"label": "person", "probs": 0.7058772444725037, "boxs": [1566.5565185546875, 818.995361328125, 1620.4581298828125, 870.5140380859375]}
{"label": "suitcase", "probs": 0.7035953402519226, "boxs": [1209.9462890625, 977.4357299804688, 1259.393798828125, 1056.6494140625]}
{"label": "flowerpot", "probs": 0.6989063620567322, "boxs": [1244.48193359375, 675.2655639648438, 1459.279296875, 965.9332275390625]}
{"label": "suitcase", "probs": 0.6823581457138062, "boxs": [463.1839294433594, 797.8318481445312, 510.4356384277344, 855.157958984375]}
{"label": "person", "probs": 0.671527087688446, "boxs": [1065.5338134765625, 794.4779052734375, 1108.7850341796875, 910.0955810546875]}
{"label": "person", "probs": 0.6697009801864624, "boxs": [1612.4111328125, 823.8983764648438, 1662.4478759765625, 889.5325927734375]}
{"label": "person", "probs": 0.6665017604827881, "boxs": [937.0404663085938, 814.7905883789062, 975.583984375, 937.9014892578125]}
{"label": "vent", "probs": 0.6611668467521667, "boxs": [394.4144287109375, 596.3693237304688, 451.4405212402344, 641.2315063476562]}
{"label": "suitcase", "probs": 0.6369774341583252, "boxs": [1258.1995849609375, 977.34033203125, 1327.4486083984375, 1064.1082763671875]}
{"label": "bus_(vehicle)", "probs": 0.6345577836036682, "boxs": [1019.770263671875, 753.1654052734375, 1266.4417724609375, 834.5517578125]}
{"label": "jean", "probs": 0.6342312097549438, "boxs": [1101.542236328125, 908.671142578125, 1177.4554443359375, 1008.2366333007812]}
{"label": "parking_meter", "probs": 0.6135031580924988, "boxs": [1238.1805419921875, 817.390380859375, 1272.4549560546875, 898.8275756835938]}
{"label": "person", "probs": 0.5936180353164673, "boxs": [985.808837890625, 790.05517578125, 1009.5995483398438, 899.5013427734375]}
{"label": "jean", "probs": 0.5904229879379272, "boxs": [123.40043640136719, 854.4299926757812, 147.7276153564453, 909.0473022460938]}
{"label": "jacket", "probs": 0.5868807435035706, "boxs": [148.33084106445312, 794.4918823242188, 212.96153259277344, 877.6132202148438]}
{"label": "jersey", "probs": 0.5699241757392883, "boxs": [303.0015563964844, 787.9352416992188, 343.80419921875, 854.3895263671875]}
{"label": "flower_arrangement", "probs": 0.5694772601127625, "boxs": [1244.4564208984375, 677.0540161132812, 1457.02978515625, 838.8983154296875]}
{"label": "backpack", "probs": 0.5688246488571167, "boxs": [67.52250671386719, 809.093505859375, 108.06220245361328, 858.93505859375]}
{"label": "wheel", "probs": 0.5437993407249451, "boxs": [446.0869445800781, 993.8413696289062, 479.2256164550781, 1031.5263671875]}
{"label": "signboard", "probs": 0.5426760911941528, "boxs": [530.9251098632812, 515.1520385742188, 649.0595092773438, 1011.1853637695312]}
{"label": "bus_(vehicle)", "probs": 0.542251467704773, "boxs": [1423.001953125, 698.843017578125, 1915.6494140625, 937.9529418945312]}
{"label": "person", "probs": 0.5409739017486572, "boxs": [1116.4893798828125, 777.383544921875, 1145.146728515625, 822.9678344726562]}
{"label": "shoe", "probs": 0.5403281450271606, "boxs": [1141.52294921875, 1013.0985717773438, 1170.534423828125, 1032.90478515625]}
{"label": "trousers", "probs": 0.530469536781311, "boxs": [284.6742858886719, 845.4557495117188, 347.8218688964844, 931.056640625]}
{"label": "newsstand", "probs": 0.5264078378677368, "boxs": [5.625433921813965, 804.4732055664062, 55.15980529785156, 923.2573852539062]}
{"label": "jacket", "probs": 0.5041375160217285, "boxs": [1110.9781494140625, 815.2734985351562, 1185.6807861328125, 918.4617919921875]}
{"label": "shopping_bag", "probs": 0.5015638470649719, "boxs": [94.81038665771484, 866.6414794921875, 111.36972045898438, 893.1619873046875]}
{"label": "shoe", "probs": 0.5008769631385803, "boxs": [1087.81494140625, 1004.5572509765625, 1121.491943359375, 1035.69921875]}
