{"label": "person", "probs": 0.9549477696418762, "boxs": [96.82061767578125, 779.0843505859375, 175.4663848876953, 959.1732788085938]}
{"label": "person", "probs": 0.9133761525154114, "boxs": [961.8191528320312, 764.2224731445312, 1088.1890869140625, 1075.4844970703125]}
{"label": "person", "probs": 0.8806790709495544, "boxs": [209.47227478027344, 761.81396484375, 265.7176513671875, 949.8814697265625]}
{"label": "suitcase", "probs": 0.8304033875465393, "boxs": [277.47186279296875, 900.9632568359375, 363.0369873046875, 992.440673828125]}
{"label": "flowerpot", "probs": 0.7715808153152466, "boxs": [1173.1365966796875, 644.685791015625, 1393.5679931640625, 977.8038330078125]}
{"label": "person", "probs": 0.7552589774131775, "boxs": [670.5819702148438, 772.4049072265625, 711.2076416015625, 922.739013671875]}
{"label": "handcart", "probs": 0.7444682717323303, "boxs": [167.25567626953125, 721.134521484375, 439.23541259765625, 1072.9522705078125]}
{"label": "person", "probs": 0.7263819575309753, "boxs": [1365.947021484375, 749.968994140625, 1454.06884765625, 991.9160766601562]}
{"label": "person", "probs": 0.7223441004753113, "boxs": [1808.7940673828125, 725.6744995117188, 1887.593994140625, 873.0934448242188]}
{"label": "person", "probs": 0.7131283283233643, "boxs": [282.39056396484375, 765.0121459960938, 326.7053527832031, 858.8452758789062]}
{"label": "bus_(vehicle)", "probs": 0.7098672986030579, "boxs": [950.81787109375, 749.333251953125, 1184.5823974609375, 913.6011962890625]}
{"label": "person", "probs": 0.692966639995575, "boxs": [499.3876647949219, 770.7716064453125, 556.7216186523438, 947.5283203125]}
{"label": "person", "probs": 0.6856887340545654, "boxs": [1560.67724609375, 823.4024658203125, 1616.4384765625, 929.3275756835938]}
{"label": "jean", "probs": 0.678842306137085, "boxs": [978.9981689453125, 925.2568359375, 1066.5135498046875, 1039.9884033203125]}
{"label": "person", "probs": 0.653350830078125, "boxs": [1631.5755615234375, 822.8323974609375, 1683.93701171875, 895.7236328125]}
{"label": "person", "probs": 0.6398839950561523, "boxs": [1169.9781494140625, 782.7085571289062, 1241.3634033203125, 1002.6529541015625]}
{"label": "vent", "probs": 0.639182984828949, "boxs": [247.1003875732422, 572.4220581054688, 299.44793701171875, 624.5891723632812]}
{"label": "person", "probs": 0.6264749765396118, "boxs": [562.0833129882812, 783.2544555664062, 603.80908203125, 900.9957275390625]}
{"label": "cart", "probs": 0.6086468696594238, "boxs": [167.09226989746094, 721.1911010742188, 439.690185546875, 1072.8179931640625]}
{"label": "flower_arrangement", "probs": 0.5955119729042053, "boxs": [1173.5386962890625, 648.918701171875, 1392.754150390625, 840.6143798828125]}
{"label": "trousers", "probs": 0.5918499827384949, "boxs": [211.8041229248047, 846.4867553710938, 256.4781799316406, 939.53515625]}
{"label": "person", "probs": 0.5850982666015625, "boxs": [1517.1334228515625, 821.1768798828125, 1560.7789306640625, 871.52490234375]}
{"label": "shirt", "probs": 0.5761685371398926, "boxs": [212.260009765625, 779.6273803710938, 263.8782958984375, 855.7749633789062]}
{"label": "person", "probs": 0.572458028793335, "boxs": [847.278076171875, 807.7403564453125, 873.1024169921875, 945.1478881835938]}
{"label": "person", "probs": 0.5723776817321777, "boxs": [1807.330322265625, 726.5250244140625, 1890.470703125, 1064.386962890625]}
{"label": "person", "probs": 0.5629813075065613, "boxs": [880.3338623046875, 792.1703491210938, 907.265869140625, 901.932373046875]}
{"label": "blackboard", "probs": 0.560617983341217, "boxs": [365.9701232910156, 469.3711242675781, 459.0689392089844, 783.4780883789062]}
{"label": "suitcase", "probs": 0.5584951043128967, "boxs": [272.66229248046875, 860.84423828125, 335.48406982421875, 982.2853393554688]}
{"label": "shoe", "probs": 0.542353093624115, "boxs": [1026.4091796875, 1045.407470703125, 1055.7315673828125, 1070.5030517578125]}
{"label": "person", "probs": 0.5183519721031189, "boxs": [267.10919189453125, 764.2339477539062, 327.6871643066406, 924.928955078125]}
{"label": "wheel", "probs": 0.51652592420578, "boxs": [185.57115173339844, 1026.9501953125, 233.53521728515625, 1075.025634765625]}
{"label": "person", "probs": 0.5099079608917236, "boxs": [1869.8504638671875, 765.4288330078125, 1919.999267578125, 1060.7615966796875]}
