{"label": "person", "probs": 0.91085284948349, "boxs": [130.2554168701172, 764.096435546875, 251.63714599609375, 961.7724609375]}
{"label": "person", "probs": 0.9029664993286133, "boxs": [925.1590576171875, 771.5719604492188, 1035.43701171875, 1078.1470947265625]}
{"label": "suitcase", "probs": 0.8246227502822876, "boxs": [200.94129943847656, 910.3827514648438, 294.9967956542969, 1009.5103759765625]}
{"label": "person", "probs": 0.7589856386184692, "boxs": [475.5935363769531, 781.715576171875, 517.9805297851562, 957.8359375]}
{"label": "handcart", "probs": 0.7556993961334229, "boxs": [69.10607147216797, 730.2915649414062, 358.688720703125, 1078.3636474609375]}
{"label": "person", "probs": 0.7390940189361572, "boxs": [1792.7113037109375, 725.908935546875, 1893.9859619140625, 1076.3876953125]}
{"label": "flowerpot", "probs": 0.7334434390068054, "boxs": [1139.487548828125, 642.1984252929688, 1383.4893798828125, 987.8353881835938]}
{"label": "person", "probs": 0.7194345593452454, "boxs": [443.4764099121094, 771.6015625, 506.50408935546875, 954.9073486328125]}
{"label": "person", "probs": 0.6814558506011963, "boxs": [1546.1959228515625, 826.6921997070312, 1604.767578125, 901.0935668945312]}
{"label": "jean", "probs": 0.6795883178710938, "boxs": [927.983642578125, 937.375, 1023.1590576171875, 1067.667724609375]}
{"label": "person", "probs": 0.6731061339378357, "boxs": [1369.2462158203125, 816.6160278320312, 1443.9034423828125, 1000.1776733398438]}
{"label": "person", "probs": 0.6575478315353394, "boxs": [1616.8489990234375, 825.272705078125, 1674.253173828125, 900.9447631835938]}
{"label": "blackboard", "probs": 0.6502096056938171, "boxs": [294.90142822265625, 464.2525329589844, 386.3135070800781, 799.74951171875]}
{"label": "trousers", "probs": 0.6042358875274658, "boxs": [134.7289581298828, 853.890869140625, 203.64691162109375, 953.6073608398438]}
{"label": "person", "probs": 0.5921847820281982, "boxs": [821.62548828125, 792.4937744140625, 888.4933471679688, 959.8576049804688]}
{"label": "person", "probs": 0.5789465308189392, "boxs": [900.6702270507812, 787.1865844726562, 958.0863037109375, 955.9137573242188]}
{"label": "bus_(vehicle)", "probs": 0.5643021464347839, "boxs": [927.5021362304688, 750.7604370117188, 1157.7239990234375, 847.0316162109375]}
{"label": "sweatshirt", "probs": 0.5634710788726807, "boxs": [169.0408935546875, 771.9840698242188, 253.30604553222656, 865.5341796875]}
{"label": "cart", "probs": 0.5359185338020325, "boxs": [65.896240234375, 732.1570434570312, 358.38092041015625, 1078.7017822265625]}
{"label": "person", "probs": 0.5200085639953613, "boxs": [1485.8612060546875, 822.8771362304688, 1550.6439208984375, 904.2478637695312]}
