{"label": "person", "probs": 0.9028828144073486, "boxs": [383.6490173339844, 773.2738647460938, 456.51239013671875, 962.0047607421875]}
{"label": "person", "probs": 0.8810149431228638, "boxs": [18.19197654724121, 779.2591552734375, 96.20249938964844, 968.9529418945312]}
{"label": "person", "probs": 0.8684610724449158, "boxs": [873.7939453125, 768.3157348632812, 992.141357421875, 1076.25927734375]}
{"label": "person", "probs": 0.794508695602417, "boxs": [813.8993530273438, 790.0797729492188, 872.8931274414062, 971.5890502929688]}
{"label": "person", "probs": 0.7855685353279114, "boxs": [768.875732421875, 780.6793823242188, 817.8555297851562, 964.3296508789062]}
{"label": "flowerpot", "probs": 0.7766586542129517, "boxs": [1122.4427490234375, 655.7996215820312, 1357.043212890625, 848.648681640625]}
{"label": "person", "probs": 0.7504574060440063, "boxs": [1534.136474609375, 826.821044921875, 1586.7314453125, 898.2752685546875]}
{"label": "person", "probs": 0.7498326897621155, "boxs": [1810.6087646484375, 718.4934692382812, 1888.0643310546875, 1077.3739013671875]}
{"label": "suitcase", "probs": 0.726980984210968, "boxs": [120.9904556274414, 915.7199096679688, 214.61619567871094, 1019.8275756835938]}
{"label": "person", "probs": 0.7170221209526062, "boxs": [1064.129150390625, 726.3628540039062, 1160.5819091796875, 1017.1757202148438]}
{"label": "person", "probs": 0.6811269521713257, "boxs": [711.2986450195312, 785.263916015625, 740.5396118164062, 824.029296875]}
{"label": "person", "probs": 0.6809245944023132, "boxs": [1485.846435546875, 820.9063720703125, 1532.549072265625, 911.187255859375]}
{"label": "blackboard", "probs": 0.6530918478965759, "boxs": [229.44024658203125, 465.7252197265625, 305.24371337890625, 789.9061279296875]}
{"label": "person", "probs": 0.6508744955062866, "boxs": [1603.1578369140625, 826.6705932617188, 1658.537841796875, 905.0205078125]}
{"label": "jean", "probs": 0.6240871548652649, "boxs": [875.9675903320312, 949.6053466796875, 977.8414306640625, 1076.6585693359375]}
{"label": "umbrella", "probs": 0.6032543182373047, "boxs": [900.1104125976562, 751.0886840820312, 1144.7918701171875, 831.4468994140625]}
{"label": "person", "probs": 0.6002711057662964, "boxs": [1315.5023193359375, 749.9646606445312, 1395.5880126953125, 848.367919921875]}
{"label": "person", "probs": 0.5997943878173828, "boxs": [876.1768188476562, 786.2614135742188, 920.984130859375, 961.4506225585938]}
{"label": "jacket", "probs": 0.5633790493011475, "boxs": [898.2592163085938, 810.5219116210938, 988.9173583984375, 960.97119140625]}
{"label": "person", "probs": 0.553307294845581, "boxs": [129.88455200195312, 777.422119140625, 175.51943969726562, 877.9483032226562]}
{"label": "person", "probs": 0.5419261455535889, "boxs": [1333.07666015625, 811.6357421875, 1415.2159423828125, 1000.1282958984375]}
{"label": "flip-flop_(sandal)", "probs": 0.535584568977356, "boxs": [19.370464324951172, 960.586181640625, 52.59877014160156, 969.3970947265625]}
{"label": "dress", "probs": 0.501660943031311, "boxs": [38.05944061279297, 821.6728515625, 87.90454864501953, 914.2691650390625]}
