{"label": "bicycle", "probs": 0.8854872584342957, "boxs": [93.75869750976562, 437.16888427734375, 179.68504333496094, 514.8226318359375]}
{"label": "car_(automobile)", "probs": 0.7237192392349243, "boxs": [166.88624572753906, 418.4593811035156, 193.39707946777344, 435.00927734375]}
{"label": "bicycle", "probs": 0.7168921232223511, "boxs": [0.08222583681344986, 458.28631591796875, 21.938444137573242, 520.840087890625]}
{"label": "street_sign", "probs": 0.6989364624023438, "boxs": [82.80615234375, 209.69432067871094, 156.53897094726562, 336.6481628417969]}
{"label": "train_(railroad_vehicle)", "probs": 0.6691527962684631, "boxs": [313.3192138671875, 134.76080322265625, 544.0, 644.4345092773438]}
{"label": "poster", "probs": 0.6329510807991028, "boxs": [392.1610412597656, 348.5571594238281, 415.080078125, 457.2991638183594]}
{"label": "street_sign", "probs": 0.6179651618003845, "boxs": [244.20265197753906, 361.2173156738281, 272.55108642578125, 382.6263122558594]}
{"label": "camper_(vehicle)", "probs": 0.598003089427948, "boxs": [184.26119995117188, 401.3695983886719, 218.32699584960938, 432.7374267578125]}
{"label": "telephone_pole", "probs": 0.590640127658844, "boxs": [372.77789306640625, 0.027505654841661453, 390.9916076660156, 326.6853332519531]}
{"label": "banner", "probs": 0.57700514793396, "boxs": [325.2781982421875, 261.95721435546875, 373.9898681640625, 377.2841491699219]}
{"label": "wheel", "probs": 0.5482521653175354, "boxs": [147.00450134277344, 476.8536376953125, 177.4109649658203, 514.2869873046875]}
{"label": "bicycle", "probs": 0.5314007997512817, "boxs": [226.17330932617188, 442.5793762207031, 254.29287719726562, 470.9649658203125]}
{"label": "bicycle", "probs": 0.5236137509346008, "boxs": [186.94247436523438, 443.41314697265625, 252.96923828125, 472.2191162109375]}
{"label": "car_(automobile)", "probs": 0.5207653045654297, "boxs": [217.4995574951172, 417.15899658203125, 238.43115234375, 431.4005126953125]}
{"label": "poster", "probs": 0.5128695964813232, "boxs": [354.0391845703125, 383.1820068359375, 374.0792541503906, 454.27386474609375]}
{"label": "street_sign", "probs": 0.5115016102790833, "boxs": [219.1674346923828, 332.2975769042969, 235.87255859375, 357.6294250488281]}
{"label": "banner", "probs": 0.5021986365318298, "boxs": [388.3927307128906, 263.3863220214844, 435.9615173339844, 318.60015869140625]}
