{"label": "bicycle", "probs": 0.9347177147865295, "boxs": [83.86408233642578, 459.0719909667969, 178.0853729248047, 541.1346435546875]}
{"label": "car_(automobile)", "probs": 0.8515955209732056, "boxs": [168.15573120117188, 438.4822082519531, 196.70794677734375, 454.36431884765625]}
{"label": "person", "probs": 0.7692605257034302, "boxs": [0.742466390132904, 428.21209716796875, 37.08818054199219, 518.102783203125]}
{"label": "street_sign", "probs": 0.7164180278778076, "boxs": [244.0928192138672, 380.5282897949219, 272.9648742675781, 401.5511779785156]}
{"label": "street_sign", "probs": 0.680194079875946, "boxs": [73.69743347167969, 220.7825469970703, 152.2353973388672, 352.9367980957031]}
{"label": "flag", "probs": 0.6660366058349609, "boxs": [426.60235595703125, 244.474609375, 433.5084533691406, 265.0521545410156]}
{"label": "wheel", "probs": 0.6522813439369202, "boxs": [141.62574768066406, 498.9739074707031, 175.20956420898438, 539.2810668945312]}
{"label": "train_(railroad_vehicle)", "probs": 0.6483450531959534, "boxs": [319.79876708984375, 106.10295104980469, 544.0, 640.04541015625]}
{"label": "trash_can", "probs": 0.6320927739143372, "boxs": [504.31707763671875, 595.5563354492188, 543.2936401367188, 694.7459106445312]}
{"label": "poster", "probs": 0.6264172196388245, "boxs": [403.2660217285156, 357.63720703125, 427.65374755859375, 474.1854248046875]}
{"label": "car_(automobile)", "probs": 0.6171560287475586, "boxs": [223.41665649414062, 437.2157897949219, 238.56326293945312, 449.81585693359375]}
{"label": "telephone_pole", "probs": 0.6157659888267517, "boxs": [370.6027526855469, 1.124984622001648, 388.711181640625, 348.277587890625]}
{"label": "signboard", "probs": 0.6089231371879578, "boxs": [258.25, 428.06378173828125, 274.6002502441406, 445.9267272949219]}
{"label": "street_sign", "probs": 0.5147786140441895, "boxs": [0.12265228480100632, 352.992919921875, 41.80908203125, 389.1803894042969]}
{"label": "streetlight", "probs": 0.5010309219360352, "boxs": [241.08802795410156, 298.9773864746094, 251.40887451171875, 303.7062072753906]}
