{"label": "bicycle", "probs": 0.9335712790489197, "boxs": [45.08894729614258, 484.504150390625, 152.98269653320312, 574.8483276367188]}
{"label": "car_(automobile)", "probs": 0.7112733721733093, "boxs": [149.5671844482422, 448.8473205566406, 173.23377990722656, 465.4781188964844]}
{"label": "train_(railroad_vehicle)", "probs": 0.7050835490226746, "boxs": [296.09210205078125, 125.19149780273438, 544.0, 688.2435913085938]}
{"label": "street_sign", "probs": 0.6981926560401917, "boxs": [33.02705383300781, 217.26048278808594, 122.81602478027344, 359.85888671875]}
{"label": "poster", "probs": 0.6979014277458191, "boxs": [393.66571044921875, 358.2228088378906, 421.2613220214844, 484.50372314453125]}
{"label": "telephone_pole", "probs": 0.6579492688179016, "boxs": [347.7579040527344, 1.2773700952529907, 369.904541015625, 359.2674255371094]}
{"label": "street_sign", "probs": 0.6540641784667969, "boxs": [224.47850036621094, 389.2199401855469, 254.4236297607422, 410.5467529296875]}
{"label": "car_(automobile)", "probs": 0.6374542713165283, "boxs": [204.3074951171875, 446.3134765625, 218.1325225830078, 459.8729248046875]}
{"label": "basket", "probs": 0.6304713487625122, "boxs": [45.47716522216797, 489.0944519042969, 70.14913940429688, 504.6917419433594]}
{"label": "person", "probs": 0.5982187390327454, "boxs": [32.407188415527344, 442.614990234375, 72.64778137207031, 499.7562255859375]}
{"label": "car_(automobile)", "probs": 0.5722060203552246, "boxs": [257.7794189453125, 457.6915588378906, 270.8136901855469, 468.5772399902344]}
{"label": "bicycle", "probs": 0.5705872178077698, "boxs": [166.2754364013672, 468.14373779296875, 236.6604766845703, 505.778076171875]}
{"label": "wheel", "probs": 0.5429269075393677, "boxs": [113.30933380126953, 514.4641723632812, 152.0482940673828, 558.8115234375]}
{"label": "signboard", "probs": 0.539824903011322, "boxs": [239.8588409423828, 436.25213623046875, 256.85321044921875, 455.1340026855469]}
{"label": "street_sign", "probs": 0.5161058902740479, "boxs": [195.45335388183594, 355.10198974609375, 214.13343811035156, 383.3836364746094]}
