{"label": "bicycle", "probs": 0.9424262046813965, "boxs": [7.175651550292969, 482.8870849609375, 133.50045776367188, 589.4592895507812]}
{"label": "train_(railroad_vehicle)", "probs": 0.7505182027816772, "boxs": [292.7467956542969, 51.53961944580078, 543.87158203125, 713.3296508789062]}
{"label": "poster", "probs": 0.7415221929550171, "boxs": [390.2028503417969, 338.7313537597656, 421.11553955078125, 481.3359680175781]}
{"label": "car_(automobile)", "probs": 0.7200447916984558, "boxs": [142.7629852294922, 434.65826416015625, 163.7641143798828, 458.7159118652344]}
{"label": "street_sign", "probs": 0.7009010910987854, "boxs": [0.10635444521903992, 186.55706787109375, 99.00703430175781, 345.5390930175781]}
{"label": "car_(automobile)", "probs": 0.6895886659622192, "boxs": [194.20672607421875, 439.49395751953125, 208.94236755371094, 452.4236145019531]}
{"label": "water_tower", "probs": 0.6524568796157837, "boxs": [467.4157409667969, 45.73678970336914, 520.6969604492188, 110.23715209960938]}
{"label": "street_sign", "probs": 0.6501086950302124, "boxs": [214.48391723632812, 380.8990478515625, 247.39608764648438, 403.4142761230469]}
{"label": "telephone_pole", "probs": 0.643813967704773, "boxs": [339.36737060546875, 0.3860132396221161, 362.7016906738281, 345.6183776855469]}
{"label": "wheel", "probs": 0.6390107274055481, "boxs": [89.49732208251953, 515.4072265625, 131.69776916503906, 561.1375122070312]}
{"label": "car_(automobile)", "probs": 0.6166946291923523, "boxs": [251.72816467285156, 450.118408203125, 262.56536865234375, 459.6637878417969]}
{"label": "signboard", "probs": 0.5510635375976562, "boxs": [234.5550079345703, 429.41033935546875, 250.2901611328125, 447.576416015625]}
{"label": "flag", "probs": 0.5386749505996704, "boxs": [398.4982604980469, 241.27365112304688, 404.1692810058594, 263.2776794433594]}
