{"label": "bicycle", "probs": 0.9486609697341919, "boxs": [0.613911509513855, 466.8948974609375, 122.95079803466797, 578.2405395507812]}
{"label": "poster", "probs": 0.7756980657577515, "boxs": [401.28143310546875, 321.37066650390625, 438.3036804199219, 480.4748229980469]}
{"label": "car_(automobile)", "probs": 0.7584857940673828, "boxs": [147.78880310058594, 433.925537109375, 161.20785522460938, 449.7455749511719]}
{"label": "street_sign", "probs": 0.6767480373382568, "boxs": [217.9561309814453, 373.194580078125, 252.6283721923828, 394.0245056152344]}
{"label": "street_sign", "probs": 0.66973477602005, "boxs": [0.23798780143260956, 162.8882598876953, 87.16178894042969, 330.73858642578125]}
{"label": "street_sign", "probs": 0.6633124351501465, "boxs": [238.53533935546875, 421.4933776855469, 255.62583923339844, 439.70147705078125]}
{"label": "train_(railroad_vehicle)", "probs": 0.6505067348480225, "boxs": [292.4333190917969, 18.020830154418945, 544.0, 746.3508911132812]}
{"label": "telephone_pole", "probs": 0.6288678050041199, "boxs": [349.8327941894531, 1.984209418296814, 371.7551574707031, 339.4082336425781]}
{"label": "wheel", "probs": 0.5937991142272949, "boxs": [76.10333251953125, 509.726806640625, 122.00700378417969, 560.4694213867188]}
{"label": "person", "probs": 0.5894606113433838, "boxs": [75.36653900146484, 426.64129638671875, 114.89871215820312, 501.0281982421875]}
{"label": "person", "probs": 0.5674930810928345, "boxs": [102.68988800048828, 431.1594543457031, 127.75470733642578, 466.30303955078125]}
{"label": "street_sign", "probs": 0.5494464635848999, "boxs": [181.71322631835938, 335.2552490234375, 203.63023376464844, 362.71258544921875]}
{"label": "bicycle", "probs": 0.5397897958755493, "boxs": [152.47100830078125, 458.9342041015625, 226.8563690185547, 494.3141784667969]}
{"label": "poster", "probs": 0.5222076177597046, "boxs": [342.16131591796875, 383.3515625, 368.54022216796875, 470.0177307128906]}
{"label": "pole", "probs": 0.5092216730117798, "boxs": [28.48706817626953, 324.7555236816406, 65.75165557861328, 534.2537841796875]}
{"label": "person", "probs": 0.5072262287139893, "boxs": [75.04734802246094, 427.27374267578125, 100.4324951171875, 483.2939453125]}
