{"label": "bicycle", "probs": 0.9073798060417175, "boxs": [0.06112893298268318, 482.362060546875, 71.4645767211914, 574.76123046875]}
{"label": "poster", "probs": 0.7246856093406677, "boxs": [378.7325134277344, 303.5763854980469, 423.17889404296875, 485.1743469238281]}
{"label": "street_sign", "probs": 0.7156081199645996, "boxs": [0.18375922739505768, 136.03086853027344, 27.963220596313477, 312.7608642578125]}
{"label": "flag", "probs": 0.6315458416938782, "boxs": [454.93768310546875, 87.0331802368164, 463.3087463378906, 141.72207641601562]}
{"label": "street_sign", "probs": 0.6189588308334351, "boxs": [207.1216583251953, 418.3442077636719, 223.2530975341797, 436.4216613769531]}
{"label": "car_(automobile)", "probs": 0.6091606020927429, "boxs": [127.8426284790039, 412.0447082519531, 167.9015350341797, 442.6448669433594]}
{"label": "poster", "probs": 0.6039515733718872, "boxs": [312.1868896484375, 376.8558654785156, 341.56500244140625, 470.5455627441406]}
{"label": "street_sign", "probs": 0.5966975688934326, "boxs": [185.2368621826172, 368.1607360839844, 219.07626342773438, 390.56536865234375]}
{"label": "telephone_pole", "probs": 0.5806750655174255, "boxs": [318.1080322265625, 1.057017207145691, 342.546630859375, 332.9755859375]}
{"label": "person", "probs": 0.5590522289276123, "boxs": [102.3454360961914, 429.6724853515625, 120.4227294921875, 465.89495849609375]}
{"label": "bicycle", "probs": 0.5495975017547607, "boxs": [209.39913940429688, 436.6988220214844, 222.78012084960938, 451.7723083496094]}
{"label": "bicycle", "probs": 0.5187951922416687, "boxs": [61.64918899536133, 461.30364990234375, 93.07209777832031, 502.24078369140625]}
{"label": "bicycle", "probs": 0.5143461227416992, "boxs": [110.93416595458984, 455.77227783203125, 192.1603546142578, 494.8151550292969]}
{"label": "pole", "probs": 0.5105171203613281, "boxs": [139.7190399169922, 319.79315185546875, 155.64068603515625, 500.40185546875]}
{"label": "wheel", "probs": 0.50710129737854, "boxs": [173.07240295410156, 475.0968017578125, 191.56358337402344, 491.77294921875]}
