{"label": "poster", "probs": 0.7322008013725281, "boxs": [296.3300476074219, 315.04510498046875, 345.87451171875, 515.1152954101562]}
{"label": "truck", "probs": 0.6959435343742371, "boxs": [28.77059555053711, 423.46356201171875, 79.08049774169922, 458.07000732421875]}
{"label": "flag", "probs": 0.6935425400733948, "boxs": [44.559669494628906, 328.1134338378906, 72.0295181274414, 362.2014465332031]}
{"label": "street_sign", "probs": 0.6537843346595764, "boxs": [122.64838409423828, 434.983642578125, 138.48277282714844, 453.68316650390625]}
{"label": "telephone_pole", "probs": 0.6504743695259094, "boxs": [245.07969665527344, 0.0, 267.0723571777344, 350.6215515136719]}
{"label": "flag", "probs": 0.6371062994003296, "boxs": [193.91407775878906, 282.60064697265625, 249.0679473876953, 416.7524108886719]}
{"label": "signboard", "probs": 0.6084396839141846, "boxs": [99.7730484008789, 382.86517333984375, 137.1579132080078, 405.7135925292969]}
{"label": "poster", "probs": 0.5604248046875, "boxs": [228.9936981201172, 394.68634033203125, 258.9794616699219, 493.1133117675781]}
{"label": "banner", "probs": 0.5554827451705933, "boxs": [193.92019653320312, 281.1796569824219, 249.24996948242188, 416.84503173828125]}
{"label": "train_(railroad_vehicle)", "probs": 0.521407961845398, "boxs": [192.77743530273438, 1.3128868341445923, 543.607666015625, 927.2550048828125]}
{"label": "bicycle", "probs": 0.5000821352005005, "boxs": [3.4357537970208796e-07, 489.89105224609375, 8.8657808303833, 515.0665893554688]}
