{"label": "poster", "probs": 0.7298502326011658, "boxs": [352.9488525390625, 306.4073791503906, 418.6260070800781, 551.08544921875]}
{"label": "truck", "probs": 0.6834695935249329, "boxs": [77.34596252441406, 436.74444580078125, 135.22906494140625, 474.25885009765625]}
{"label": "street_sign", "probs": 0.6328766345977783, "boxs": [158.99050903320312, 397.7850646972656, 193.70054626464844, 420.375244140625]}
{"label": "street_sign", "probs": 0.6194946765899658, "boxs": [179.70364379882812, 448.2261047363281, 195.7529754638672, 466.678955078125]}
{"label": "telephone_pole", "probs": 0.6140795946121216, "boxs": [302.26727294921875, 0.20136381685733795, 324.3981628417969, 355.30120849609375]}
{"label": "signboard", "probs": 0.5605282187461853, "boxs": [279.0110778808594, 406.7972717285156, 313.4331970214844, 514.5540161132812]}
{"label": "lamppost", "probs": 0.5355143547058105, "boxs": [178.07569885253906, 318.5445251464844, 200.9468536376953, 480.4888000488281]}
{"label": "flag", "probs": 0.5208659172058105, "boxs": [102.04554748535156, 342.5616149902344, 127.95700073242188, 377.75274658203125]}
{"label": "motorcycle", "probs": 0.5142269134521484, "boxs": [78.41638946533203, 469.395751953125, 146.26010131835938, 527.2515869140625]}
{"label": "basket", "probs": 0.5011917352676392, "boxs": [132.5662078857422, 478.7628479003906, 152.85011291503906, 492.8684997558594]}
