{"label": "poster", "probs": 0.6753436326980591, "boxs": [403.45367431640625, 236.14718627929688, 491.80352783203125, 554.48291015625]}
{"label": "street_sign", "probs": 0.6089249849319458, "boxs": [188.95718383789062, 396.64166259765625, 226.33448791503906, 419.6129455566406]}
{"label": "motorcycle", "probs": 0.6019676923751831, "boxs": [110.13306427001953, 487.9675598144531, 179.7202606201172, 529.9461059570312]}
{"label": "telephone_pole", "probs": 0.6009054780006409, "boxs": [320.5955810546875, 0.0, 345.5961608886719, 335.493896484375]}
{"label": "bus_(vehicle)", "probs": 0.5788204073905945, "boxs": [132.94671630859375, 440.25360107421875, 165.2561798095703, 473.5877685546875]}
{"label": "car_(automobile)", "probs": 0.5727689266204834, "boxs": [173.21453857421875, 459.578125, 187.21630859375, 472.5908508300781]}
{"label": "flag", "probs": 0.545704185962677, "boxs": [124.02227020263672, 343.5079040527344, 151.6559295654297, 378.2376403808594]}
