{"label": "car_(automobile)", "probs": 0.8989598751068115, "boxs": [1571.7100830078125, 464.6188659667969, 1755.9658203125, 559.6741333007812]}
{"label": "bicycle", "probs": 0.8854188919067383, "boxs": [855.6822509765625, 508.31036376953125, 934.0479125976562, 656.0716552734375]}
{"label": "person", "probs": 0.8723363876342773, "boxs": [695.10791015625, 449.3092956542969, 734.1896362304688, 576.5718383789062]}
{"label": "person", "probs": 0.8713138699531555, "boxs": [642.6618041992188, 450.8471374511719, 685.7862548828125, 590.1633911132812]}
{"label": "person", "probs": 0.8497137427330017, "boxs": [829.670166015625, 477.7922668457031, 847.730224609375, 527.60302734375]}
{"label": "car_(automobile)", "probs": 0.8273273706436157, "boxs": [753.4096069335938, 473.8480529785156, 802.2070922851562, 524.35693359375]}
{"label": "car_(automobile)", "probs": 0.8229228854179382, "boxs": [408.2029724121094, 458.5931701660156, 477.3924560546875, 506.1583557128906]}
{"label": "street_sign", "probs": 0.704298734664917, "boxs": [1725.378662109375, 399.8952941894531, 1764.961181640625, 457.95257568359375]}
{"label": "car_(automobile)", "probs": 0.6920855641365051, "boxs": [237.10421752929688, 469.43927001953125, 284.5995178222656, 505.8957824707031]}
{"label": "car_(automobile)", "probs": 0.6835696697235107, "boxs": [1369.5035400390625, 471.0118408203125, 1483.3443603515625, 560.994873046875]}
{"label": "person", "probs": 0.6666499376296997, "boxs": [588.51025390625, 445.62841796875, 626.8306274414062, 593.4279174804688]}
{"label": "stop_sign", "probs": 0.6512659788131714, "boxs": [1037.2728271484375, 442.0702209472656, 1053.5556640625, 460.2083740234375]}
{"label": "street_sign", "probs": 0.6425734758377075, "boxs": [1672.9559326171875, 424.3377990722656, 1693.30029296875, 445.6947937011719]}
{"label": "banner", "probs": 0.6257141828536987, "boxs": [785.2044067382812, 251.691162109375, 844.2321166992188, 371.11456298828125]}
{"label": "street_sign", "probs": 0.6090105175971985, "boxs": [1639.7147216796875, 255.24893188476562, 1698.9312744140625, 402.10748291015625]}
{"label": "shoe", "probs": 0.5984411239624023, "boxs": [648.055908203125, 581.760009765625, 659.0620727539062, 587.584716796875]}
{"label": "car_(automobile)", "probs": 0.5904293656349182, "boxs": [1041.251220703125, 478.9861755371094, 1070.02001953125, 498.5434265136719]}
{"label": "bus_(vehicle)", "probs": 0.5868021249771118, "boxs": [425.076416015625, 398.9079284667969, 539.6939086914062, 494.744140625]}
{"label": "car_(automobile)", "probs": 0.5840802788734436, "boxs": [1369.087890625, 484.262451171875, 1430.974853515625, 560.5029296875]}
{"label": "car_(automobile)", "probs": 0.5779731869697571, "boxs": [1073.978271484375, 478.63409423828125, 1100.029541015625, 506.67041015625]}
{"label": "truck", "probs": 0.5703360438346863, "boxs": [1167.0927734375, 443.89349365234375, 1238.43359375, 508.66943359375]}
{"label": "truck", "probs": 0.5700594186782837, "boxs": [853.4524536132812, 466.0712890625, 1014.813232421875, 524.6505126953125]}
{"label": "flowerpot", "probs": 0.5619382262229919, "boxs": [1076.3525390625, 560.0010375976562, 1155.3387451171875, 599.8359375]}
{"label": "flowerpot", "probs": 0.561714768409729, "boxs": [1148.8297119140625, 581.8729248046875, 1188.937255859375, 601.5079345703125]}
{"label": "streetlight", "probs": 0.5605014562606812, "boxs": [1097.8841552734375, 5.4656982421875, 1210.286865234375, 585.7072143554688]}
{"label": "coat", "probs": 0.5466178059577942, "boxs": [696.544189453125, 471.098388671875, 736.4866943359375, 543.4154052734375]}
{"label": "headlight", "probs": 0.5408587455749512, "boxs": [1740.8709716796875, 511.54010009765625, 1753.300048828125, 523.2392578125]}
{"label": "street_sign", "probs": 0.5362940430641174, "boxs": [520.381591796875, 316.6277160644531, 579.0043334960938, 362.7842712402344]}
{"label": "wheel", "probs": 0.5246273279190063, "boxs": [898.177490234375, 584.3941040039062, 930.9271850585938, 637.6345825195312]}
{"label": "car_(automobile)", "probs": 0.5151122212409973, "boxs": [690.3218383789062, 470.7904968261719, 804.2593994140625, 526.9107055664062]}
{"label": "street_sign", "probs": 0.5136458277702332, "boxs": [602.0938720703125, 319.03564453125, 654.1856079101562, 365.3490295410156]}
{"label": "street_sign", "probs": 0.5082705020904541, "boxs": [1017.7467041015625, 347.4305114746094, 1076.7828369140625, 365.8515930175781]}
