{"label": "car_(automobile)", "probs": 0.9135616421699524, "boxs": [1842.35400390625, 466.4216003417969, 1919.76806640625, 584.2120971679688]}
{"label": "bicycle", "probs": 0.8945444822311401, "boxs": [854.0484008789062, 516.1826171875, 945.673583984375, 682.181396484375]}
{"label": "car_(automobile)", "probs": 0.8599732518196106, "boxs": [1621.9739990234375, 487.664306640625, 1881.3646240234375, 621.7271728515625]}
{"label": "person", "probs": 0.8576754927635193, "boxs": [695.9730224609375, 454.2413635253906, 736.0625610351562, 582.400634765625]}
{"label": "person", "probs": 0.8473283648490906, "boxs": [838.4923095703125, 477.7076416015625, 857.4054565429688, 530.5776977539062]}
{"label": "car_(automobile)", "probs": 0.8449388742446899, "boxs": [754.4004516601562, 476.08209228515625, 822.91357421875, 533.7333374023438]}
{"label": "person", "probs": 0.8225461840629578, "boxs": [639.0261840820312, 456.2559814453125, 692.8158569335938, 597.9671630859375]}
{"label": "car_(automobile)", "probs": 0.7452818155288696, "boxs": [1057.1229248046875, 477.1387939453125, 1090.9124755859375, 504.3406066894531]}
{"label": "person", "probs": 0.7266420722007751, "boxs": [576.9691772460938, 457.8404846191406, 617.3060302734375, 599.983642578125]}
{"label": "flowerpot", "probs": 0.721070408821106, "boxs": [1225.8614501953125, 583.658447265625, 1273.4189453125, 624.2006225585938]}
{"label": "clock", "probs": 0.7138172388076782, "boxs": [376.78399658203125, 383.6279296875, 411.3994140625, 417.10809326171875]}
{"label": "car_(automobile)", "probs": 0.7129475474357605, "boxs": [121.41124725341797, 479.07977294921875, 183.60914611816406, 521.1099243164062]}
{"label": "street_sign", "probs": 0.6882279515266418, "boxs": [1697.417724609375, 423.9102478027344, 1717.3306884765625, 444.50030517578125]}
{"label": "street_sign", "probs": 0.6612102389335632, "boxs": [1034.3443603515625, 344.08770751953125, 1086.1036376953125, 361.8295593261719]}
{"label": "car_(automobile)", "probs": 0.6599894762039185, "boxs": [370.4870910644531, 462.5560302734375, 441.3108825683594, 512.3378295898438]}
{"label": "flowerpot", "probs": 0.646259069442749, "boxs": [1102.32666015625, 570.622314453125, 1187.377685546875, 616.8927612304688]}
{"label": "car_(automobile)", "probs": 0.6413049101829529, "boxs": [1208.14453125, 466.09332275390625, 1282.315673828125, 512.808837890625]}
{"label": "street_sign", "probs": 0.6367492079734802, "boxs": [1752.6475830078125, 397.0644226074219, 1792.2757568359375, 456.84332275390625]}
{"label": "flowerpot", "probs": 0.6265802383422852, "boxs": [1182.3883056640625, 595.8663940429688, 1226.3145751953125, 616.8001098632812]}
{"label": "car_(automobile)", "probs": 0.6002212166786194, "boxs": [480.18109130859375, 469.6303405761719, 555.2875366210938, 517.6422119140625]}
{"label": "street_sign", "probs": 0.591263473033905, "boxs": [1048.718994140625, 443.5657958984375, 1062.936279296875, 461.86798095703125]}
{"label": "pole", "probs": 0.5848174691200256, "boxs": [560.2623291015625, 298.7134094238281, 577.0828247070312, 613.8840942382812]}
{"label": "car_(automobile)", "probs": 0.5633384585380554, "boxs": [521.29736328125, 470.82196044921875, 565.9267578125, 523.7384643554688]}
{"label": "wheel", "probs": 0.5568333864212036, "boxs": [908.832275390625, 593.4003295898438, 945.295654296875, 658.9482421875]}
{"label": "taillight", "probs": 0.5549482107162476, "boxs": [1843.9246826171875, 507.8582458496094, 1856.156494140625, 523.285888671875]}
{"label": "street_sign", "probs": 0.5453159809112549, "boxs": [583.0020141601562, 311.377197265625, 640.776611328125, 359.91162109375]}
{"label": "signboard", "probs": 0.5439951419830322, "boxs": [496.127197265625, 308.7742004394531, 560.2369384765625, 358.9501037597656]}
{"label": "car_(automobile)", "probs": 0.5439260601997375, "boxs": [144.00051879882812, 464.7323303222656, 232.6554412841797, 493.668212890625]}
{"label": "awning", "probs": 0.5404147505760193, "boxs": [340.52923583984375, 0.3045629858970642, 746.2494506835938, 381.6621398925781]}
{"label": "street_sign", "probs": 0.5187312364578247, "boxs": [1766.200439453125, 216.00013732910156, 1846.90380859375, 394.3708801269531]}
{"label": "car_(automobile)", "probs": 0.5129308104515076, "boxs": [967.9931640625, 470.2268981933594, 1022.5137329101562, 501.4490051269531]}
{"label": "street_sign", "probs": 0.5057512521743774, "boxs": [1800.651611328125, 215.00747680664062, 1846.5225830078125, 352.0144348144531]}
