{"label": "bicycle", "probs": 0.9290502667427063, "boxs": [857.2174682617188, 513.8007202148438, 950.4630737304688, 692.3455200195312]}
{"label": "person", "probs": 0.8742236495018005, "boxs": [646.4276733398438, 456.3399963378906, 692.7811889648438, 593.5448608398438]}
{"label": "person", "probs": 0.8626824021339417, "boxs": [699.5155029296875, 453.2538146972656, 741.8455810546875, 582.672607421875]}
{"label": "car_(automobile)", "probs": 0.8549277186393738, "boxs": [1766.619384765625, 492.9397888183594, 1920.0, 649.1361083984375]}
{"label": "car_(automobile)", "probs": 0.8283650279045105, "boxs": [756.0234985351562, 474.4504089355469, 831.6699829101562, 535.4439697265625]}
{"label": "car_(automobile)", "probs": 0.7951458692550659, "boxs": [36.161312103271484, 460.2105407714844, 115.05370330810547, 517.9739990234375]}
{"label": "person", "probs": 0.784068763256073, "boxs": [842.1593017578125, 475.9848937988281, 864.7741088867188, 530.7820434570312]}
{"label": "car_(automobile)", "probs": 0.7091774344444275, "boxs": [473.9654846191406, 473.6847839355469, 552.2484130859375, 523.1089477539062]}
{"label": "flowerpot", "probs": 0.6940068602561951, "boxs": [1120.865478515625, 575.6618041992188, 1210.568603515625, 624.498046875]}
{"label": "car_(automobile)", "probs": 0.686650276184082, "boxs": [1064.75634765625, 475.50701904296875, 1101.399658203125, 506.1527099609375]}
{"label": "car_(automobile)", "probs": 0.6758891344070435, "boxs": [1231.9609375, 448.1423645019531, 1315.8359375, 516.5203247070312]}
{"label": "street_sign", "probs": 0.6708059906959534, "boxs": [1032.9454345703125, 343.22552490234375, 1097.262451171875, 361.1582946777344]}
{"label": "street_sign", "probs": 0.6664164066314697, "boxs": [1712.1087646484375, 425.72393798828125, 1730.958740234375, 446.32891845703125]}
{"label": "street_sign", "probs": 0.6632829904556274, "boxs": [482.2923889160156, 298.6292724609375, 549.18994140625, 349.8465270996094]}
{"label": "street_sign", "probs": 0.6524584293365479, "boxs": [575.6470336914062, 300.439208984375, 633.1176147460938, 351.740966796875]}
{"label": "poster", "probs": 0.645178496837616, "boxs": [789.9254150390625, 235.4667205810547, 851.122802734375, 369.79425048828125]}
{"label": "person", "probs": 0.6361724734306335, "boxs": [569.1152954101562, 469.7904357910156, 610.636474609375, 601.1602172851562]}
{"label": "car_(automobile)", "probs": 0.6276929378509521, "boxs": [311.5539245605469, 458.8512268066406, 357.22222900390625, 512.4921264648438]}
{"label": "awning", "probs": 0.6052030324935913, "boxs": [305.7304992675781, 0.6484460830688477, 744.5545043945312, 359.2665100097656]}
{"label": "street_sign", "probs": 0.595343291759491, "boxs": [1767.5428466796875, 398.42047119140625, 1806.2637939453125, 458.88018798828125]}
{"label": "street_sign", "probs": 0.5832809805870056, "boxs": [1031.4580078125, 404.67694091796875, 1055.8663330078125, 430.5814514160156]}
{"label": "stop_sign", "probs": 0.5786839723587036, "boxs": [1052.24609375, 442.8237609863281, 1069.072998046875, 461.50665283203125]}
{"label": "flowerpot", "probs": 0.577014148235321, "boxs": [1246.6846923828125, 587.773681640625, 1299.26220703125, 632.9712524414062]}
{"label": "truck", "probs": 0.5456262826919556, "boxs": [310.6196594238281, 445.157470703125, 402.59197998046875, 513.4762573242188]}
{"label": "signboard", "probs": 0.539771318435669, "boxs": [369.11627197265625, 331.5895690917969, 457.5179138183594, 356.9969787597656]}
{"label": "flag", "probs": 0.531011164188385, "boxs": [1264.890869140625, 411.341796875, 1285.6407470703125, 434.58624267578125]}
{"label": "flag", "probs": 0.5257192850112915, "boxs": [1219.7042236328125, 412.0975646972656, 1284.763427734375, 455.8093566894531]}
{"label": "car_(automobile)", "probs": 0.5209137201309204, "boxs": [685.2770385742188, 474.33380126953125, 834.4376831054688, 533.052490234375]}
{"label": "car_(automobile)", "probs": 0.518011748790741, "boxs": [419.2015686035156, 464.395263671875, 481.6880798339844, 500.01470947265625]}
{"label": "truck", "probs": 0.5124750137329102, "boxs": [862.922119140625, 470.59600830078125, 981.263427734375, 525.3628540039062]}
{"label": "car_(automobile)", "probs": 0.5053238868713379, "boxs": [1120.286865234375, 482.75677490234375, 1180.663818359375, 518.1327514648438]}
