{"label": "bicycle", "probs": 0.8732228875160217, "boxs": [857.6763916015625, 516.5616455078125, 953.357666015625, 700.0355224609375]}
{"label": "person", "probs": 0.8638325929641724, "boxs": [707.108642578125, 457.7262268066406, 755.5642700195312, 582.5690307617188]}
{"label": "person", "probs": 0.8448677659034729, "boxs": [654.0217895507812, 448.5408630371094, 699.1968383789062, 593.5782470703125]}
{"label": "car_(automobile)", "probs": 0.8291716575622559, "boxs": [1257.8892822265625, 453.87493896484375, 1352.6453857421875, 519.6131591796875]}
{"label": "person", "probs": 0.8243414163589478, "boxs": [844.4979248046875, 475.59210205078125, 866.3807983398438, 532.0769653320312]}
{"label": "car_(automobile)", "probs": 0.7935304641723633, "boxs": [754.6398315429688, 473.801025390625, 835.3782348632812, 535.365234375]}
{"label": "car_(automobile)", "probs": 0.787995457649231, "boxs": [1162.03125, 493.7382507324219, 1207.5003662109375, 519.2372436523438]}
{"label": "person", "probs": 0.7463079690933228, "boxs": [560.3929443359375, 472.0860595703125, 601.1719360351562, 610.0795288085938]}
{"label": "car_(automobile)", "probs": 0.7368053197860718, "boxs": [1077.7501220703125, 479.56488037109375, 1113.260498046875, 508.29193115234375]}
{"label": "trash_can", "probs": 0.7173541784286499, "boxs": [1269.0086669921875, 592.4357299804688, 1323.322998046875, 635.879638671875]}
{"label": "car_(automobile)", "probs": 0.71108478307724, "boxs": [0.007215701509267092, 480.0818176269531, 38.05392074584961, 518.4222412109375]}
{"label": "car_(automobile)", "probs": 0.6882888078689575, "boxs": [467.1059265136719, 473.9983825683594, 538.881103515625, 524.5736083984375]}
{"label": "street_sign", "probs": 0.6629304885864258, "boxs": [1780.875244140625, 399.2232360839844, 1822.72802734375, 460.2968444824219]}
{"label": "signboard", "probs": 0.6500378847122192, "boxs": [560.5807495117188, 290.4830322265625, 625.3475952148438, 345.0917053222656]}
{"label": "car_(automobile)", "probs": 0.6467301249504089, "boxs": [275.2652893066406, 457.2679138183594, 351.7022705078125, 513.8721923828125]}
{"label": "stop_sign", "probs": 0.6462200880050659, "boxs": [1057.5631103515625, 442.551025390625, 1073.3929443359375, 461.4582214355469]}
{"label": "wheel", "probs": 0.6207041144371033, "boxs": [1260.724609375, 497.2700500488281, 1268.52099609375, 513.9653930664062]}
{"label": "car_(automobile)", "probs": 0.6037214398384094, "boxs": [1557.3284912109375, 479.6277160644531, 1615.1221923828125, 525.4415893554688]}
{"label": "car_(automobile)", "probs": 0.599004864692688, "boxs": [556.728759765625, 470.4336242675781, 588.84521484375, 501.05084228515625]}
{"label": "awning", "probs": 0.5903641581535339, "boxs": [261.38470458984375, 0.44078248739242554, 745.414794921875, 359.17901611328125]}
{"label": "street_sign", "probs": 0.5814483165740967, "boxs": [467.2954406738281, 289.5930480957031, 536.1526489257812, 342.107177734375]}
{"label": "street_sign", "probs": 0.5796155333518982, "boxs": [1042.7574462890625, 340.2198181152344, 1102.504150390625, 355.8448486328125]}
{"label": "poster", "probs": 0.5630017518997192, "boxs": [791.6397705078125, 230.73843383789062, 852.5206909179688, 367.442626953125]}
{"label": "shoe", "probs": 0.5625353455543518, "boxs": [727.9815673828125, 572.8204956054688, 738.04736328125, 582.7327880859375]}
{"label": "wheel", "probs": 0.5581574440002441, "boxs": [1282.6748046875, 497.08477783203125, 1291.3466796875, 517.9554443359375]}
{"label": "shoe", "probs": 0.5546613335609436, "boxs": [715.3138427734375, 561.5557861328125, 724.7569580078125, 579.6236572265625]}
{"label": "truck", "probs": 0.5501367449760437, "boxs": [864.676513671875, 470.5290832519531, 981.37890625, 525.95361328125]}
{"label": "car_(automobile)", "probs": 0.5455437302589417, "boxs": [1106.48095703125, 478.6578063964844, 1129.15478515625, 497.7931823730469]}
{"label": "street_sign", "probs": 0.5367324948310852, "boxs": [1093.724853515625, 387.4792785644531, 1113.100830078125, 414.1247253417969]}
{"label": "person", "probs": 0.5325303673744202, "boxs": [686.3165283203125, 440.5849914550781, 714.756591796875, 543.3905029296875]}
