{"label": "bicycle", "probs": 0.8764932155609131, "boxs": [861.2548217773438, 519.9033203125, 965.80078125, 724.0338745117188]}
{"label": "person", "probs": 0.866977334022522, "boxs": [709.4086303710938, 453.2652282714844, 758.8904418945312, 588.7528076171875]}
{"label": "person", "probs": 0.8152442574501038, "boxs": [846.1243286132812, 477.74200439453125, 867.4663696289062, 532.8330688476562]}
{"label": "car_(automobile)", "probs": 0.7804251909255981, "boxs": [1085.6295166015625, 480.71356201171875, 1124.47607421875, 510.1822509765625]}
{"label": "car_(automobile)", "probs": 0.760478675365448, "boxs": [753.94970703125, 474.79937744140625, 836.3771362304688, 543.0220947265625]}
{"label": "person", "probs": 0.7584547996520996, "boxs": [659.0598754882812, 451.38531494140625, 704.0174560546875, 599.7838745117188]}
{"label": "car_(automobile)", "probs": 0.7174798846244812, "boxs": [414.4051513671875, 479.8074951171875, 463.0791931152344, 520.24072265625]}
{"label": "car_(automobile)", "probs": 0.7171080708503723, "boxs": [1171.8790283203125, 479.80718994140625, 1237.847900390625, 523.4556274414062]}
{"label": "car_(automobile)", "probs": 0.7092557549476624, "boxs": [1290.1114501953125, 483.9486083984375, 1346.8526611328125, 522.8157958984375]}
{"label": "street_sign", "probs": 0.6983468532562256, "boxs": [1048.747802734375, 339.8133544921875, 1109.3299560546875, 353.7712707519531]}
{"label": "stop_sign", "probs": 0.6813853979110718, "boxs": [1061.0653076171875, 442.73883056640625, 1078.1678466796875, 462.7481994628906]}
{"label": "car_(automobile)", "probs": 0.6721157431602478, "boxs": [545.2827758789062, 470.14581298828125, 588.2286376953125, 540.686767578125]}
{"label": "street_sign", "probs": 0.6462897062301636, "boxs": [450.62994384765625, 283.507080078125, 523.8839721679688, 338.69598388671875]}
{"label": "car_(automobile)", "probs": 0.6224343776702881, "boxs": [1627.9405517578125, 484.7028503417969, 1679.364501953125, 534.75732421875]}
{"label": "street_sign", "probs": 0.6110801100730896, "boxs": [354.3603210449219, 332.2137451171875, 442.7406005859375, 349.89434814453125]}
{"label": "truck", "probs": 0.6109159588813782, "boxs": [866.2599487304688, 469.1664123535156, 1040.137451171875, 527.9511108398438]}
{"label": "car_(automobile)", "probs": 0.6094024777412415, "boxs": [456.437744140625, 473.282470703125, 527.9730224609375, 535.3449096679688]}
{"label": "street_sign", "probs": 0.5815402269363403, "boxs": [550.7247314453125, 284.79345703125, 618.1190185546875, 342.5295104980469]}
{"label": "flowerpot", "probs": 0.5657985210418701, "boxs": [1155.0093994140625, 583.8569946289062, 1256.390869140625, 644.04541015625]}
{"label": "car_(automobile)", "probs": 0.5496096611022949, "boxs": [1627.3726806640625, 482.8641662597656, 1741.7940673828125, 536.5238647460938]}
{"label": "shoe", "probs": 0.5356186628341675, "boxs": [723.1920776367188, 573.3418579101562, 735.71875, 586.1361083984375]}
{"label": "signboard", "probs": 0.529486358165741, "boxs": [218.8903350830078, 408.1046142578125, 284.1148376464844, 458.9096374511719]}
