{"label": "bicycle", "probs": 0.8876457810401917, "boxs": [858.1406860351562, 515.2197265625, 976.7780151367188, 740.077880859375]}
{"label": "person", "probs": 0.8739384412765503, "boxs": [711.13623046875, 450.1933288574219, 757.677490234375, 589.4576416015625]}
{"label": "person", "probs": 0.8645972609519958, "boxs": [657.3842163085938, 451.0836181640625, 706.3674926757812, 598.7466430664062]}
{"label": "car_(automobile)", "probs": 0.8492516279220581, "boxs": [355.4366149902344, 471.2890930175781, 435.5327453613281, 526.5558471679688]}
{"label": "person", "probs": 0.8002805709838867, "boxs": [848.852783203125, 477.8626708984375, 869.6131591796875, 532.1813354492188]}
{"label": "car_(automobile)", "probs": 0.7991553544998169, "boxs": [1204.6341552734375, 493.3827819824219, 1273.0079345703125, 526.78076171875]}
{"label": "car_(automobile)", "probs": 0.7874274253845215, "boxs": [1097.2764892578125, 479.1602783203125, 1142.2169189453125, 512.979736328125]}
{"label": "car_(automobile)", "probs": 0.729110836982727, "boxs": [753.6893310546875, 474.01983642578125, 839.151123046875, 539.6526489257812]}
{"label": "car_(automobile)", "probs": 0.7206560373306274, "boxs": [534.0646362304688, 468.58734130859375, 580.9212036132812, 529.0018920898438]}
{"label": "street_sign", "probs": 0.7114209532737732, "boxs": [1057.0030517578125, 334.8880920410156, 1122.3367919921875, 352.3810729980469]}
{"label": "stop_sign", "probs": 0.6753606200218201, "boxs": [1067.412841796875, 441.54290771484375, 1083.9305419921875, 461.884765625]}
{"label": "car_(automobile)", "probs": 0.6625977158546448, "boxs": [454.16558837890625, 474.3669128417969, 514.96435546875, 540.0001831054688]}
{"label": "truck", "probs": 0.6132036447525024, "boxs": [868.72607421875, 468.0409240722656, 1047.3857421875, 528.1363525390625]}
{"label": "truck", "probs": 0.5936638116836548, "boxs": [1317.3433837890625, 447.81329345703125, 1447.088134765625, 525.3779296875]}
{"label": "car_(automobile)", "probs": 0.5799368619918823, "boxs": [1723.356201171875, 480.47344970703125, 1894.549072265625, 551.7369384765625]}
{"label": "pole", "probs": 0.574511706829071, "boxs": [510.4325256347656, 264.2037048339844, 532.4337158203125, 639.42041015625]}
{"label": "signboard", "probs": 0.5705840587615967, "boxs": [434.9337463378906, 271.129150390625, 511.9706115722656, 329.69085693359375]}
{"label": "street_sign", "probs": 0.5408551096916199, "boxs": [1107.036865234375, 384.7077331542969, 1132.84716796875, 412.1695251464844]}
{"label": "street_sign", "probs": 0.5368515849113464, "boxs": [540.189208984375, 274.45562744140625, 609.3822631835938, 332.8632507324219]}
