{"label": "car_(automobile)", "probs": 0.8771416544914246, "boxs": [1227.1619873046875, 480.34033203125, 1315.208740234375, 530.9473266601562]}
{"label": "bicycle", "probs": 0.8728911876678467, "boxs": [862.8487548828125, 510.2447814941406, 988.1602172851562, 756.5400390625]}
{"label": "car_(automobile)", "probs": 0.8368597030639648, "boxs": [281.02301025390625, 470.7180480957031, 394.48370361328125, 530.9091186523438]}
{"label": "person", "probs": 0.8329498767852783, "boxs": [714.9969482421875, 458.4498291015625, 764.8564453125, 587.4105224609375]}
{"label": "person", "probs": 0.8048326373100281, "boxs": [659.557861328125, 451.6504211425781, 714.2566528320312, 598.1912841796875]}
{"label": "person", "probs": 0.802661657333374, "boxs": [849.0549926757812, 476.18157958984375, 870.7588500976562, 532.46337890625]}
{"label": "car_(automobile)", "probs": 0.7879795432090759, "boxs": [1108.054443359375, 479.4198303222656, 1149.2442626953125, 515.395751953125]}
{"label": "car_(automobile)", "probs": 0.7266886830329895, "boxs": [753.5305786132812, 473.2842102050781, 839.0974731445312, 538.171875]}
{"label": "truck", "probs": 0.718153715133667, "boxs": [1355.509765625, 434.0616760253906, 1503.499755859375, 530.9089965820312]}
{"label": "car_(automobile)", "probs": 0.6374508142471313, "boxs": [85.96798706054688, 449.27825927734375, 180.22845458984375, 528.2656860351562]}
{"label": "street_sign", "probs": 0.6312656402587891, "boxs": [526.2913818359375, 259.08575439453125, 597.0155029296875, 321.0127868652344]}
{"label": "street_sign", "probs": 0.6149598956108093, "boxs": [1062.360107421875, 331.98004150390625, 1130.441162109375, 350.3883056640625]}
{"label": "stop_sign", "probs": 0.6081104874610901, "boxs": [1069.4866943359375, 440.06829833984375, 1087.4957275390625, 462.22271728515625]}
{"label": "street_sign", "probs": 0.5914336442947388, "boxs": [415.3936462402344, 257.43524169921875, 494.730712890625, 318.1662292480469]}
{"label": "car_(automobile)", "probs": 0.5788806080818176, "boxs": [523.4607543945312, 470.215576171875, 570.2553100585938, 532.1702880859375]}
{"label": "truck", "probs": 0.5703049898147583, "boxs": [869.3037109375, 466.9500732421875, 1046.54296875, 527.0686645507812]}
{"label": "flowerpot", "probs": 0.567877471446991, "boxs": [1202.072998046875, 591.6488647460938, 1319.553955078125, 665.630615234375]}
{"label": "car_(automobile)", "probs": 0.5228933095932007, "boxs": [1207.5235595703125, 476.5397033691406, 1248.777587890625, 511.9602355957031]}
{"label": "shoe", "probs": 0.5220155119895935, "boxs": [685.6113891601562, 588.395263671875, 695.4083862304688, 595.9409790039062]}
{"label": "street_sign", "probs": 0.5216199159622192, "boxs": [776.8419799804688, 371.3552551269531, 796.3021240234375, 430.7588806152344]}
{"label": "shoe", "probs": 0.5204987525939941, "boxs": [741.057861328125, 573.224609375, 752.3171997070312, 584.8023681640625]}
{"label": "car_(automobile)", "probs": 0.511367917060852, "boxs": [427.7317810058594, 476.8055725097656, 495.53375244140625, 543.033935546875]}
