{"label": "car_(automobile)", "probs": 0.9317838549613953, "boxs": [1270.6195068359375, 480.36517333984375, 1370.15869140625, 537.2677612304688]}
{"label": "bicycle", "probs": 0.9174638986587524, "boxs": [866.3827514648438, 514.6986083984375, 1001.3380737304688, 790.7581176757812]}
{"label": "car_(automobile)", "probs": 0.8497174382209778, "boxs": [226.86322021484375, 468.9746398925781, 341.1562805175781, 538.81201171875]}
{"label": "person", "probs": 0.8458396196365356, "boxs": [724.11181640625, 457.13250732421875, 770.2468872070312, 589.0720825195312]}
{"label": "car_(automobile)", "probs": 0.7775802612304688, "boxs": [1121.0009765625, 476.4295959472656, 1162.0357666015625, 519.3478393554688]}
{"label": "person", "probs": 0.7602507472038269, "boxs": [850.6644897460938, 479.1976013183594, 870.9307861328125, 534.0460205078125]}
{"label": "car_(automobile)", "probs": 0.7544555068016052, "boxs": [758.9443969726562, 474.5783386230469, 841.3561401367188, 539.929931640625]}
{"label": "person", "probs": 0.7377133965492249, "boxs": [658.533935546875, 459.29766845703125, 701.144287109375, 602.8632202148438]}
{"label": "street_sign", "probs": 0.6810700297355652, "boxs": [1071.3746337890625, 329.09429931640625, 1146.0635986328125, 345.3916320800781]}
{"label": "car_(automobile)", "probs": 0.6671741008758545, "boxs": [1224.5367431640625, 477.9049377441406, 1266.2091064453125, 514.593017578125]}
{"label": "truck", "probs": 0.6666339635848999, "boxs": [1406.6468505859375, 483.080810546875, 1557.3409423828125, 538.9368286132812]}
{"label": "truck", "probs": 0.661080539226532, "boxs": [0.0, 374.6171569824219, 220.35830688476562, 533.137939453125]}
{"label": "car_(automobile)", "probs": 0.6536679267883301, "boxs": [384.65887451171875, 474.8455505371094, 455.32073974609375, 513.2239379882812]}
{"label": "truck", "probs": 0.6237608194351196, "boxs": [872.8610229492188, 469.8519592285156, 998.2764282226562, 533.7261352539062]}
{"label": "car_(automobile)", "probs": 0.5954698324203491, "boxs": [1552.2320556640625, 497.9771423339844, 1584.7291259765625, 527.9144287109375]}
{"label": "flowerpot", "probs": 0.5841413736343384, "boxs": [1207.9649658203125, 598.5900268554688, 1359.55224609375, 687.6740112304688]}
{"label": "street_sign", "probs": 0.5783393979072571, "boxs": [778.83056640625, 370.1042175292969, 798.8016967773438, 429.3403015136719]}
{"label": "street_sign", "probs": 0.576467752456665, "boxs": [399.4292297363281, 248.33627319335938, 479.2576599121094, 313.4104309082031]}
{"label": "street_sign", "probs": 0.5596573352813721, "boxs": [1076.7279052734375, 439.31134033203125, 1092.1317138671875, 462.2439270019531]}
{"label": "signboard", "probs": 0.5594533681869507, "boxs": [511.06219482421875, 249.6949462890625, 586.6746826171875, 315.0093688964844]}
{"label": "truck", "probs": 0.5538114309310913, "boxs": [1482.692626953125, 484.8036193847656, 1564.3321533203125, 538.0774536132812]}
{"label": "car_(automobile)", "probs": 0.5518356561660767, "boxs": [446.7478942871094, 474.75555419921875, 473.5500793457031, 489.6185607910156]}
{"label": "car_(automobile)", "probs": 0.5493582487106323, "boxs": [514.6090087890625, 471.0844421386719, 563.0158081054688, 536.9208374023438]}
{"label": "shoe", "probs": 0.5238624811172485, "boxs": [734.576171875, 573.4443359375, 751.1058349609375, 589.1707763671875]}
{"label": "signboard", "probs": 0.5171345472335815, "boxs": [1121.7308349609375, 379.0736999511719, 1150.8548583984375, 408.6782531738281]}
{"label": "signboard", "probs": 0.5111758708953857, "boxs": [627.0516967773438, 108.885986328125, 667.93212890625, 215.6958465576172]}
{"label": "wheel", "probs": 0.5101075172424316, "boxs": [1533.4246826171875, 529.1266479492188, 1548.9248046875, 538.75244140625]}
{"label": "car_(automobile)", "probs": 0.5090158581733704, "boxs": [0.41302987933158875, 447.4301452636719, 104.23397064208984, 531.089111328125]}
{"label": "car_(automobile)", "probs": 0.5037255883216858, "boxs": [686.252685546875, 470.82244873046875, 844.97265625, 541.2376708984375]}
