{"label": "person", "probs": 0.9406825304031372, "boxs": [482.8285827636719, 589.14892578125, 585.2398071289062, 855.9872436523438]}
{"label": "person", "probs": 0.8306123614311218, "boxs": [658.6425170898438, 622.8706665039062, 685.4517211914062, 692.7438354492188]}
{"label": "person", "probs": 0.828056812286377, "boxs": [443.16961669921875, 611.0665893554688, 479.3627014160156, 696.3717041015625]}
{"label": "person", "probs": 0.7780717015266418, "boxs": [364.007568359375, 617.8162841796875, 398.5577697753906, 707.0892333984375]}
{"label": "person", "probs": 0.7603488564491272, "boxs": [710.906494140625, 619.6177978515625, 736.91796875, 693.0414428710938]}
{"label": "person", "probs": 0.7468971014022827, "boxs": [681.1513061523438, 625.618408203125, 702.6663208007812, 692.158447265625]}
{"label": "person", "probs": 0.7395468354225159, "boxs": [406.772216796875, 615.5462036132812, 438.4232177734375, 697.2040405273438]}
{"label": "handbag", "probs": 0.7301924824714661, "boxs": [482.0542907714844, 624.0146484375, 515.9657592773438, 709.0626831054688]}
{"label": "person", "probs": 0.7198474407196045, "boxs": [577.402587890625, 617.5704345703125, 604.04833984375, 696.5577392578125]}
{"label": "person", "probs": 0.7094699144363403, "boxs": [600.2809448242188, 612.722900390625, 631.8020629882812, 697.00341796875]}
{"label": "person", "probs": 0.6985613703727722, "boxs": [733.1309814453125, 633.61865234375, 758.4724731445312, 694.7179565429688]}
{"label": "person", "probs": 0.6090142726898193, "boxs": [389.29052734375, 621.4879150390625, 410.3717041015625, 704.1239013671875]}
{"label": "hat", "probs": 0.5866585969924927, "boxs": [420.4085388183594, 615.8826904296875, 435.8120422363281, 625.597412109375]}
{"label": "trash_can", "probs": 0.5782178044319153, "boxs": [758.0506591796875, 639.9254150390625, 777.7357177734375, 701.27490234375]}
{"label": "person", "probs": 0.5615174174308777, "boxs": [754.321044921875, 615.3165283203125, 771.9081420898438, 650.5404663085938]}
{"label": "trash_can", "probs": 0.5529280304908752, "boxs": [0.47260990738868713, 627.8357543945312, 54.53338623046875, 813.4639892578125]}
{"label": "jean", "probs": 0.5367128849029541, "boxs": [368.8818054199219, 662.8744506835938, 390.1775817871094, 705.293212890625]}
{"label": "signboard", "probs": 0.536043643951416, "boxs": [627.3916015625, 233.70559692382812, 773.1997680664062, 278.8171691894531]}
{"label": "pole", "probs": 0.5341554880142212, "boxs": [848.2354736328125, 624.1546630859375, 883.39892578125, 736.3462524414062]}
{"label": "fireplug", "probs": 0.5333713889122009, "boxs": [328.69061279296875, 681.838623046875, 345.8144226074219, 713.52001953125]}
{"label": "person", "probs": 0.5288488864898682, "boxs": [739.3409423828125, 619.7298583984375, 755.6322021484375, 644.3226928710938]}
{"label": "skirt", "probs": 0.5057517290115356, "boxs": [502.4541015625, 708.5953979492188, 571.1681518554688, 848.6134643554688]}
{"label": "jean", "probs": 0.5020780563354492, "boxs": [657.515625, 662.1370239257812, 680.8565673828125, 691.5142211914062]}
