{"label": "person", "probs": 0.9430181980133057, "boxs": [479.30389404296875, 589.09521484375, 583.9938354492188, 867.150634765625]}
{"label": "person", "probs": 0.8700402975082397, "boxs": [658.2785034179688, 625.7512817382812, 685.1329956054688, 696.3160400390625]}
{"label": "person", "probs": 0.8650188446044922, "boxs": [439.57904052734375, 612.794189453125, 475.63983154296875, 700.8760986328125]}
{"label": "person", "probs": 0.7933816909790039, "boxs": [355.9424743652344, 619.174560546875, 389.80853271484375, 711.556884765625]}
{"label": "person", "probs": 0.7822326421737671, "boxs": [711.9754028320312, 622.9786376953125, 736.661376953125, 695.6156616210938]}
{"label": "person", "probs": 0.757040798664093, "boxs": [681.7648315429688, 627.4691162109375, 702.729248046875, 695.8643798828125]}
{"label": "person", "probs": 0.7243734002113342, "boxs": [575.9026489257812, 618.4013671875, 601.6253051757812, 699.1742553710938]}
{"label": "person", "probs": 0.7240583896636963, "boxs": [732.7057495117188, 631.0401000976562, 759.018310546875, 698.144775390625]}
{"label": "person", "probs": 0.7087908983230591, "boxs": [404.7439880371094, 616.59326171875, 434.4313659667969, 701.4954223632812]}
{"label": "handbag", "probs": 0.7045538425445557, "boxs": [475.8881530761719, 623.3594970703125, 514.2734985351562, 713.7894287109375]}
{"label": "person", "probs": 0.695953369140625, "boxs": [598.7579345703125, 618.0322875976562, 630.1729736328125, 702.1942749023438]}
{"label": "person", "probs": 0.6800166964530945, "boxs": [384.09515380859375, 618.8043212890625, 413.449462890625, 706.5443725585938]}
{"label": "person", "probs": 0.6638821363449097, "boxs": [612.4552001953125, 619.337646484375, 633.7472534179688, 700.385498046875]}
{"label": "trash_can", "probs": 0.5924311876296997, "boxs": [759.9901123046875, 652.9322509765625, 780.5458374023438, 705.8431396484375]}
{"label": "person", "probs": 0.5404089689254761, "boxs": [752.9073486328125, 621.6549072265625, 769.3914794921875, 652.9483642578125]}
{"label": "person", "probs": 0.5345697999000549, "boxs": [738.4716796875, 623.0751342773438, 756.4517211914062, 645.1404418945312]}
{"label": "pole", "probs": 0.5306724905967712, "boxs": [853.0930786132812, 626.134521484375, 890.4006958007812, 746.0194091796875]}
{"label": "fireplug", "probs": 0.5233827829360962, "boxs": [320.8253173828125, 632.5345458984375, 350.35003662109375, 718.5158081054688]}
{"label": "person", "probs": 0.5197045207023621, "boxs": [475.2776794433594, 622.3501586914062, 497.57476806640625, 666.26904296875]}
{"label": "ladder", "probs": 0.5168284177780151, "boxs": [1021.6033325195312, 685.76318359375, 1092.41943359375, 804.0850830078125]}
{"label": "jean", "probs": 0.5121479630470276, "boxs": [383.4218444824219, 661.1085815429688, 405.9446105957031, 703.9218139648438]}
{"label": "person", "probs": 0.5047326683998108, "boxs": [701.7825317382812, 626.0934448242188, 725.8270263671875, 696.361328125]}
