{"label": "person", "probs": 0.9537093639373779, "boxs": [476.7611083984375, 589.6224975585938, 608.9277954101562, 878.441162109375]}
{"label": "person", "probs": 0.8748630881309509, "boxs": [449.4690856933594, 613.7864379882812, 485.176025390625, 702.802001953125]}
{"label": "person", "probs": 0.8544936776161194, "boxs": [671.0475463867188, 626.5682983398438, 697.8341674804688, 698.1800537109375]}
{"label": "handbag", "probs": 0.8097503781318665, "boxs": [496.88018798828125, 624.5211181640625, 547.5143432617188, 717.593017578125]}
{"label": "person", "probs": 0.790031909942627, "boxs": [693.4217529296875, 627.26611328125, 716.8297119140625, 697.3095092773438]}
{"label": "person", "probs": 0.7667872309684753, "boxs": [419.6496276855469, 618.9816284179688, 444.028564453125, 703.67041015625]}
{"label": "person", "probs": 0.7620354294776917, "boxs": [608.825439453125, 618.923583984375, 637.9955444335938, 703.8317260742188]}
{"label": "person", "probs": 0.7522835731506348, "boxs": [393.1297302246094, 619.3154907226562, 422.4872741699219, 708.6748657226562]}
{"label": "person", "probs": 0.7466660737991333, "boxs": [364.1832275390625, 619.1287231445312, 396.9423522949219, 715.1864013671875]}
{"label": "person", "probs": 0.7229146361351013, "boxs": [718.154541015625, 622.4521484375, 745.9484252929688, 698.00732421875]}
{"label": "person", "probs": 0.7167304158210754, "boxs": [486.384521484375, 622.9368896484375, 511.5366516113281, 698.1567993164062]}
{"label": "person", "probs": 0.6684118509292603, "boxs": [629.5975952148438, 620.7894287109375, 645.4911499023438, 699.6280517578125]}
{"label": "person", "probs": 0.6570311784744263, "boxs": [747.9357299804688, 633.7778930664062, 773.755126953125, 699.388671875]}
{"label": "trash_can", "probs": 0.5749114155769348, "boxs": [714.8939208984375, 660.8978271484375, 734.0432739257812, 697.2047119140625]}
{"label": "person", "probs": 0.568257212638855, "boxs": [588.6348266601562, 618.7589721679688, 613.6564331054688, 704.8416748046875]}
{"label": "signboard", "probs": 0.5663840174674988, "boxs": [637.291015625, 236.7620849609375, 784.303466796875, 281.5528564453125]}
{"label": "flowerpot", "probs": 0.5402348041534424, "boxs": [1257.6732177734375, 762.959716796875, 1476.716552734375, 983.3853759765625]}
{"label": "pole", "probs": 0.5110119581222534, "boxs": [871.2132568359375, 625.8609008789062, 909.3917846679688, 746.458984375]}
{"label": "jean", "probs": 0.5103307366371155, "boxs": [612.4293212890625, 658.6895141601562, 636.0081787109375, 701.6443481445312]}
{"label": "dress", "probs": 0.5022900700569153, "boxs": [476.7815856933594, 610.4995727539062, 608.4812622070312, 874.752197265625]}
