{"label": "person", "probs": 0.9570986032485962, "boxs": [472.05731201171875, 577.42822265625, 603.1671142578125, 877.8802490234375]}
{"label": "person", "probs": 0.8676943182945251, "boxs": [434.8450012207031, 614.0890502929688, 473.2032165527344, 704.0014038085938]}
{"label": "person", "probs": 0.8527998924255371, "boxs": [662.6422729492188, 624.5361938476562, 689.8152465820312, 698.7993774414062]}
{"label": "person", "probs": 0.8210734724998474, "boxs": [706.8357543945312, 619.9642333984375, 733.4290161132812, 698.9799194335938]}
{"label": "person", "probs": 0.810847818851471, "boxs": [738.0335693359375, 622.2229614257812, 766.4163208007812, 700.2032470703125]}
{"label": "handbag", "probs": 0.7951825261116028, "boxs": [481.4397888183594, 644.2271728515625, 523.0392456054688, 707.35302734375]}
{"label": "person", "probs": 0.7755984663963318, "boxs": [684.6812744140625, 628.5996704101562, 709.3447875976562, 698.3189086914062]}
{"label": "person", "probs": 0.7603258490562439, "boxs": [598.7888793945312, 617.1226196289062, 632.6012573242188, 705.9641723632812]}
{"label": "person", "probs": 0.759758710861206, "boxs": [346.8172912597656, 618.0697631835938, 381.1322937011719, 717.6907958984375]}
{"label": "person", "probs": 0.7246218919754028, "boxs": [378.34295654296875, 618.50830078125, 408.58709716796875, 710.07177734375]}
{"label": "person", "probs": 0.6599716544151306, "boxs": [403.89154052734375, 620.1656494140625, 429.363525390625, 705.0812377929688]}
{"label": "person", "probs": 0.6296276450157166, "boxs": [471.975341796875, 620.8836669921875, 498.5826110839844, 700.9006958007812]}
{"label": "signboard", "probs": 0.6109755635261536, "boxs": [632.1502685546875, 236.2545623779297, 781.6883544921875, 285.3259582519531]}
{"label": "person", "probs": 0.5742868781089783, "boxs": [765.9395751953125, 622.1053466796875, 790.1182250976562, 708.4475708007812]}
{"label": "pole", "probs": 0.5312896370887756, "boxs": [806.8640747070312, 627.9926147460938, 830.1148071289062, 723.8350219726562]}
{"label": "trash_can", "probs": 0.5279314517974854, "boxs": [766.1804809570312, 656.366455078125, 788.2908325195312, 709.8580932617188]}
{"label": "trousers", "probs": 0.5150789618492126, "boxs": [439.9867858886719, 675.1792602539062, 461.10235595703125, 702.6347045898438]}
{"label": "raincoat", "probs": 0.5104904174804688, "boxs": [408.5329284667969, 626.6802368164062, 429.4761962890625, 661.1690063476562]}
{"label": "pole", "probs": 0.5073328614234924, "boxs": [866.9159545898438, 625.023681640625, 908.485595703125, 750.105224609375]}
{"label": "dress", "probs": 0.5029171109199524, "boxs": [472.9425048828125, 606.1514892578125, 600.6793212890625, 872.0184936523438]}
