{"label": "person", "probs": 0.9129649996757507, "boxs": [464.22222900390625, 582.01220703125, 588.4035034179688, 902.346435546875]}
{"label": "person", "probs": 0.8631511926651001, "boxs": [424.4765625, 616.8495483398438, 464.1211853027344, 708.4495239257812]}
{"label": "person", "probs": 0.8523122668266296, "boxs": [657.3735961914062, 628.4768676757812, 685.166748046875, 702.8858032226562]}
{"label": "person", "probs": 0.7981356382369995, "boxs": [698.562744140625, 622.0035400390625, 721.251220703125, 702.8984985351562]}
{"label": "person", "probs": 0.7929034233093262, "boxs": [332.4937744140625, 625.57958984375, 368.025390625, 721.5991821289062]}
{"label": "person", "probs": 0.7924089431762695, "boxs": [590.8131103515625, 617.3692626953125, 621.156005859375, 709.7509155273438]}
{"label": "handbag", "probs": 0.7529526352882385, "boxs": [461.7127685546875, 624.4468383789062, 518.942626953125, 726.839599609375]}
{"label": "handbag", "probs": 0.710044264793396, "boxs": [462.135009765625, 661.9894409179688, 503.38861083984375, 727.908935546875]}
{"label": "person", "probs": 0.7070714831352234, "boxs": [389.2703552246094, 622.5339965820312, 421.78228759765625, 708.703125]}
{"label": "person", "probs": 0.6982505321502686, "boxs": [363.955810546875, 635.0464477539062, 392.9918212890625, 713.8114013671875]}
{"label": "person", "probs": 0.683057427406311, "boxs": [733.371826171875, 622.8711547851562, 764.383544921875, 703.9723510742188]}
{"label": "person", "probs": 0.6727011799812317, "boxs": [679.521484375, 627.2319946289062, 701.6033935546875, 702.0531005859375]}
{"label": "suitcase", "probs": 0.6578531861305237, "boxs": [289.80352783203125, 694.048095703125, 308.0986022949219, 728.9266357421875]}
{"label": "person", "probs": 0.6428064107894897, "boxs": [571.2875366210938, 622.2581176757812, 594.098876953125, 711.8175659179688]}
{"label": "trash_can", "probs": 0.5931069254875183, "boxs": [764.2865600585938, 647.6817016601562, 787.2361450195312, 713.7828369140625]}
{"label": "trash_can", "probs": 0.5864306092262268, "boxs": [714.729248046875, 655.771728515625, 736.749267578125, 702.5550537109375]}
{"label": "person", "probs": 0.5846425890922546, "boxs": [464.95440673828125, 626.3403930664062, 486.11663818359375, 677.395263671875]}
{"label": "pole", "probs": 0.5637454986572266, "boxs": [866.95751953125, 675.8350830078125, 897.3513793945312, 756.2648315429688]}
{"label": "person", "probs": 0.5448914766311646, "boxs": [613.5177612304688, 621.256103515625, 632.8148803710938, 705.01171875]}
{"label": "vase", "probs": 0.5379445552825928, "boxs": [1532.5697021484375, 985.325927734375, 1593.1063232421875, 1034.821044921875]}
{"label": "person", "probs": 0.5111674666404724, "boxs": [738.6260375976562, 622.1812133789062, 761.5247802734375, 654.0906982421875]}
