{"label": "person", "probs": 0.9156663417816162, "boxs": [454.11773681640625, 575.3630981445312, 573.0201416015625, 903.9783935546875]}
{"label": "person", "probs": 0.8607050180435181, "boxs": [421.4891357421875, 616.511962890625, 458.5569763183594, 710.0131225585938]}
{"label": "person", "probs": 0.8240858316421509, "boxs": [658.3721923828125, 626.6746215820312, 687.6958618164062, 704.8580322265625]}
{"label": "handbag", "probs": 0.8071484565734863, "boxs": [445.1800842285156, 617.9716186523438, 500.32177734375, 724.9830322265625]}
{"label": "person", "probs": 0.7893062829971313, "boxs": [590.3756103515625, 618.7919311523438, 620.115966796875, 711.8931274414062]}
{"label": "person", "probs": 0.7734382152557373, "boxs": [325.2117004394531, 625.2916259765625, 362.1673889160156, 725.8314819335938]}
{"label": "person", "probs": 0.7717851400375366, "boxs": [359.286376953125, 634.0774536132812, 389.7806091308594, 716.7653198242188]}
{"label": "person", "probs": 0.7661564946174622, "boxs": [568.9615478515625, 624.1640625, 595.6217651367188, 711.8701171875]}
{"label": "person", "probs": 0.7351011633872986, "boxs": [694.2051391601562, 625.984130859375, 715.2186279296875, 705.6024780273438]}
{"label": "person", "probs": 0.7306681275367737, "boxs": [738.1431884765625, 619.912109375, 769.0153198242188, 706.71240234375]}
{"label": "person", "probs": 0.6551527380943298, "boxs": [613.0365600585938, 623.1261596679688, 633.0380859375, 705.7117309570312]}
{"label": "person", "probs": 0.6408783197402954, "boxs": [391.5776672363281, 623.5995483398438, 416.42266845703125, 709.4832763671875]}
{"label": "handbag", "probs": 0.6077014803886414, "boxs": [446.1346130371094, 652.6064453125, 485.22705078125, 725.4265747070312]}
{"label": "suitcase", "probs": 0.6064246892929077, "boxs": [280.86016845703125, 696.9012451171875, 299.57220458984375, 732.2870483398438]}
{"label": "pole", "probs": 0.5425900220870972, "boxs": [808.5963745117188, 632.5860595703125, 834.1219482421875, 732.3016357421875]}
{"label": "pole", "probs": 0.5403165817260742, "boxs": [874.1817016601562, 626.8713989257812, 919.0760498046875, 763.4964599609375]}
{"label": "signboard", "probs": 0.5382016897201538, "boxs": [629.348388671875, 239.7528839111328, 781.6759643554688, 289.9563293457031]}
