{"label": "person", "probs": 0.9455857276916504, "boxs": [385.0453186035156, 573.963623046875, 537.7732543945312, 918.8724365234375]}
{"label": "person", "probs": 0.833952009677887, "boxs": [660.4451293945312, 622.5875244140625, 684.1202392578125, 706.9415893554688]}
{"label": "person", "probs": 0.8174850940704346, "boxs": [635.9284057617188, 624.8626708984375, 664.687255859375, 706.8442993164062]}
{"label": "person", "probs": 0.8106944561004639, "boxs": [286.9128112792969, 625.7596435546875, 329.7651672363281, 728.6431884765625]}
{"label": "person", "probs": 0.7972459197044373, "boxs": [716.59716796875, 618.7763671875, 749.4949951171875, 708.4000244140625]}
{"label": "suitcase", "probs": 0.7843800187110901, "boxs": [239.6737060546875, 698.4027709960938, 261.2496032714844, 735.7726440429688]}
{"label": "person", "probs": 0.7461472153663635, "boxs": [539.1625366210938, 624.4815673828125, 568.3275146484375, 713.9916381835938]}
{"label": "person", "probs": 0.7319530844688416, "boxs": [564.376220703125, 620.4644165039062, 594.8168334960938, 715.5568237304688]}
{"label": "handbag", "probs": 0.7186441421508789, "boxs": [397.191162109375, 618.0108032226562, 459.8543701171875, 729.846435546875]}
{"label": "person", "probs": 0.7147455811500549, "boxs": [345.190673828125, 620.0421142578125, 366.0645446777344, 714.5319213867188]}
{"label": "person", "probs": 0.7028171420097351, "boxs": [324.2294921875, 632.5518188476562, 352.17669677734375, 718.8172607421875]}
{"label": "person", "probs": 0.6971115469932556, "boxs": [390.18499755859375, 616.6273803710938, 425.4102783203125, 689.2023315429688]}
{"label": "person", "probs": 0.6783042550086975, "boxs": [361.1951599121094, 629.92578125, 396.17620849609375, 710.9280395507812]}
{"label": "person", "probs": 0.6475142240524292, "boxs": [591.0317993164062, 625.474609375, 609.115966796875, 708.0355834960938]}
{"label": "person", "probs": 0.6322246193885803, "boxs": [576.2293090820312, 623.106689453125, 604.3984985351562, 713.4700317382812]}
{"label": "pole", "probs": 0.5462720990180969, "boxs": [857.6005249023438, 626.8672485351562, 903.4736938476562, 770.240234375]}
{"label": "person", "probs": 0.54082190990448, "boxs": [739.145263671875, 618.932373046875, 758.7335815429688, 654.46875]}
{"label": "ladder", "probs": 0.5354378819465637, "boxs": [1078.3095703125, 701.4805297851562, 1171.920654296875, 853.5961303710938]}
