{"label": "person", "probs": 0.9623274803161621, "boxs": [350.4122009277344, 579.6697998046875, 515.0125732421875, 947.6564331054688]}
{"label": "person", "probs": 0.809360146522522, "boxs": [512.39208984375, 624.7946166992188, 543.7498168945312, 718.0709838867188]}
{"label": "person", "probs": 0.8064743280410767, "boxs": [253.02099609375, 629.0528564453125, 291.7208557128906, 734.8930053710938]}
{"label": "person", "probs": 0.777510941028595, "boxs": [696.01806640625, 622.0244140625, 730.8707275390625, 713.2766723632812]}
{"label": "person", "probs": 0.7616931200027466, "boxs": [555.7152099609375, 624.9010620117188, 584.0009155273438, 719.6178588867188]}
{"label": "person", "probs": 0.7396761775016785, "boxs": [292.12188720703125, 635.7102661132812, 322.2049560546875, 724.7002563476562]}
{"label": "person", "probs": 0.7200528979301453, "boxs": [539.070068359375, 620.5712890625, 571.7962036132812, 720.40576171875]}
{"label": "handbag", "probs": 0.6967256665229797, "boxs": [365.5570983886719, 661.45166015625, 421.7391662597656, 737.2754516601562]}
{"label": "person", "probs": 0.695875883102417, "boxs": [612.7172241210938, 627.02099609375, 645.6450805664062, 710.0904541015625]}
{"label": "trash_can", "probs": 0.6699331998825073, "boxs": [662.7100219726562, 670.972412109375, 681.388671875, 709.6339721679688]}
{"label": "person", "probs": 0.6597608327865601, "boxs": [313.3994140625, 620.2368774414062, 337.8642272949219, 719.5497436523438]}
{"label": "person", "probs": 0.6306692957878113, "boxs": [357.12042236328125, 619.98046875, 397.0328369140625, 713.4378051757812]}
{"label": "person", "probs": 0.6269908547401428, "boxs": [632.9957885742188, 625.624755859375, 661.450439453125, 710.2523193359375]}
{"label": "ladder", "probs": 0.607119619846344, "boxs": [1078.117431640625, 710.9785766601562, 1177.252197265625, 870.9346313476562]}
{"label": "trash_can", "probs": 0.5692406296730042, "boxs": [677.7464599609375, 667.3390502929688, 696.6781005859375, 710.3017578125]}
{"label": "jean", "probs": 0.5339200496673584, "boxs": [521.1885375976562, 667.9654541015625, 541.6681518554688, 715.7009887695312]}
{"label": "trash_can", "probs": 0.5193676352500916, "boxs": [727.5841064453125, 639.9790649414062, 749.4947509765625, 724.433349609375]}
{"label": "hat", "probs": 0.5149286389350891, "boxs": [377.9675598144531, 619.9403076171875, 393.8890686035156, 631.5719604492188]}
{"label": "jean", "probs": 0.5007333159446716, "boxs": [543.2282104492188, 667.3557739257812, 563.2225952148438, 716.1802368164062]}
