{"label": "person", "probs": 0.9540174007415771, "boxs": [319.8806457519531, 570.055908203125, 485.93206787109375, 962.6739501953125]}
{"label": "handbag", "probs": 0.8683723211288452, "boxs": [319.0828857421875, 617.5755615234375, 407.7506103515625, 742.004150390625]}
{"label": "person", "probs": 0.8377987146377563, "boxs": [499.26715087890625, 624.0172119140625, 527.7838134765625, 720.447021484375]}
{"label": "person", "probs": 0.8097047805786133, "boxs": [600.5578002929688, 622.3020629882812, 634.8528442382812, 713.1751098632812]}
{"label": "person", "probs": 0.7967633605003357, "boxs": [228.754638671875, 628.5364990234375, 265.8683776855469, 738.2156982421875]}
{"label": "person", "probs": 0.7837986946105957, "boxs": [524.250244140625, 617.3369750976562, 555.92041015625, 721.68212890625]}
{"label": "person", "probs": 0.7424330115318298, "boxs": [685.086669921875, 621.5101318359375, 723.9645385742188, 714.2099609375]}
{"label": "person", "probs": 0.731102705001831, "boxs": [631.9464721679688, 633.4388427734375, 655.3767700195312, 711.893798828125]}
{"label": "person", "probs": 0.7245985865592957, "boxs": [271.5315246582031, 635.2332763671875, 302.9203796386719, 726.798095703125]}
{"label": "person", "probs": 0.6494196057319641, "boxs": [543.560546875, 623.7539672851562, 568.8776245117188, 719.6322631835938]}
{"label": "jean", "probs": 0.5824534296989441, "boxs": [528.0028076171875, 671.5076904296875, 547.82666015625, 716.0028686523438]}
{"label": "person", "probs": 0.5633403658866882, "boxs": [294.3277282714844, 634.6488037109375, 311.0168151855469, 723.3271484375]}
{"label": "signboard", "probs": 0.5452491044998169, "boxs": [584.9122314453125, 238.8429412841797, 734.2577514648438, 288.0036926269531]}
{"label": "shoe", "probs": 0.5446147322654724, "boxs": [241.78822326660156, 731.4141235351562, 258.91680908203125, 737.2708129882812]}
{"label": "air_conditioner", "probs": 0.5423535108566284, "boxs": [1653.1307373046875, 438.864501953125, 1674.194580078125, 454.6581726074219]}
{"label": "trash_can", "probs": 0.5208405256271362, "boxs": [78.263916015625, 659.2841186523438, 117.39056396484375, 766.149658203125]}
{"label": "jean", "probs": 0.5181760787963867, "boxs": [236.32269287109375, 679.5033569335938, 259.1056823730469, 733.97021484375]}
{"label": "jean", "probs": 0.5174479484558105, "boxs": [504.1897277832031, 671.74755859375, 523.4459228515625, 719.1743774414062]}
{"label": "person", "probs": 0.5116502046585083, "boxs": [257.3271179199219, 630.5841674804688, 280.9877624511719, 728.6318359375]}
