{"label": "car_(automobile)", "probs": 0.931160032749176, "boxs": [229.90126037597656, 726.4402465820312, 400.7704162597656, 849.3739624023438]}
{"label": "person", "probs": 0.9067888259887695, "boxs": [1101.58349609375, 681.109375, 1178.7467041015625, 897.3975219726562]}
{"label": "person", "probs": 0.8979550004005432, "boxs": [886.5811157226562, 708.394775390625, 940.233642578125, 896.8276977539062]}
{"label": "car_(automobile)", "probs": 0.8895780444145203, "boxs": [11.38037395477295, 721.8067016601562, 272.56298828125, 872.7947387695312]}
{"label": "car_(automobile)", "probs": 0.878178060054779, "boxs": [1509.814208984375, 794.3049926757812, 1920.0, 1077.206298828125]}
{"label": "person", "probs": 0.8575746417045593, "boxs": [930.1158447265625, 694.7235107421875, 996.9774169921875, 885.8025512695312]}
{"label": "car_(automobile)", "probs": 0.8557445406913757, "boxs": [684.5140380859375, 730.1671142578125, 745.3555908203125, 785.2469482421875]}
{"label": "person", "probs": 0.8538411259651184, "boxs": [747.1420288085938, 704.2626953125, 789.3606567382812, 838.7907104492188]}
{"label": "car_(automobile)", "probs": 0.8488450646400452, "boxs": [414.7901611328125, 731.1082763671875, 604.1777954101562, 873.8032836914062]}
{"label": "person", "probs": 0.8480039834976196, "boxs": [810.6221313476562, 700.2684936523438, 873.743896484375, 898.4915771484375]}
{"label": "awning", "probs": 0.841424822807312, "boxs": [166.72532653808594, 461.8246765136719, 222.7115020751953, 523.828369140625]}
{"label": "car_(automobile)", "probs": 0.8307613730430603, "boxs": [274.111328125, 694.5690307617188, 466.8559265136719, 814.5531005859375]}
{"label": "air_conditioner", "probs": 0.8209407329559326, "boxs": [1241.1356201171875, 434.22467041015625, 1343.141845703125, 516.0281372070312]}
{"label": "awning", "probs": 0.8084293007850647, "boxs": [223.38522338867188, 616.722900390625, 339.7960510253906, 661.3047485351562]}
{"label": "taillight", "probs": 0.7756162285804749, "boxs": [108.76919555664062, 778.2919311523438, 129.9046630859375, 810.12060546875]}
{"label": "street_sign", "probs": 0.7729772925376892, "boxs": [74.3285140991211, 500.7136535644531, 170.09214782714844, 576.26416015625]}
{"label": "air_conditioner", "probs": 0.7477027177810669, "boxs": [302.24810791015625, 156.12139892578125, 336.3435363769531, 192.08299255371094]}
{"label": "street_sign", "probs": 0.7415546178817749, "boxs": [76.01830291748047, 571.7393798828125, 160.86070251464844, 645.2242431640625]}
{"label": "car_(automobile)", "probs": 0.7401201725006104, "boxs": [643.6010131835938, 727.6625366210938, 706.1798706054688, 816.6614379882812]}
{"label": "poster", "probs": 0.7305963039398193, "boxs": [1470.7005615234375, 394.91180419921875, 1586.6378173828125, 652.808837890625]}
{"label": "bicycle", "probs": 0.7291314005851746, "boxs": [31.4232120513916, 775.33984375, 137.41990661621094, 906.3754272460938]}
{"label": "license_plate", "probs": 0.708454430103302, "boxs": [167.33966064453125, 819.587646484375, 227.64920043945312, 838.60546875]}
{"label": "poster", "probs": 0.7061764597892761, "boxs": [1419.3106689453125, 765.5226440429688, 1459.377685546875, 831.7745971679688]}
{"label": "air_conditioner", "probs": 0.7055044770240784, "boxs": [1064.3922119140625, 0.506288468837738, 1159.1895751953125, 49.736915588378906]}
{"label": "taillight", "probs": 0.7025073170661926, "boxs": [245.91534423828125, 768.3705444335938, 263.8376159667969, 797.7142333984375]}
{"label": "signboard", "probs": 0.685274600982666, "boxs": [929.3800048828125, 525.39794921875, 972.5442504882812, 566.3873291015625]}
{"label": "poster", "probs": 0.6824087500572205, "boxs": [1389.217529296875, 520.6221923828125, 1456.427734375, 581.1930541992188]}
{"label": "signboard", "probs": 0.6767421960830688, "boxs": [1574.5948486328125, 364.877685546875, 1824.4544677734375, 465.39422607421875]}
{"label": "awning", "probs": 0.6763182878494263, "boxs": [1315.11083984375, 653.953369140625, 1919.0369873046875, 716.1201171875]}
{"label": "car_(automobile)", "probs": 0.6700863838195801, "boxs": [773.6503295898438, 719.0001220703125, 821.677001953125, 817.953857421875]}
{"label": "awning", "probs": 0.6584782004356384, "boxs": [35.52540588378906, 600.7732543945312, 248.29196166992188, 655.9420776367188]}
{"label": "taillight", "probs": 0.6522906422615051, "boxs": [367.285400390625, 772.7857055664062, 395.0353698730469, 786.7986450195312]}
{"label": "air_conditioner", "probs": 0.6501040458679199, "boxs": [293.7489013671875, 560.8095092773438, 327.27032470703125, 592.4628295898438]}
{"label": "poster", "probs": 0.6408412456512451, "boxs": [1048.2259521484375, 705.1965942382812, 1103.4312744140625, 788.2683715820312]}
{"label": "headlight", "probs": 0.627739667892456, "boxs": [1539.7071533203125, 868.2740478515625, 1688.3131103515625, 933.8290405273438]}
{"label": "poster", "probs": 0.6232466697692871, "boxs": [1353.86669921875, 538.9522705078125, 1374.5726318359375, 582.9954833984375]}
{"label": "air_conditioner", "probs": 0.6191561222076416, "boxs": [461.85791015625, 304.22308349609375, 485.04486083984375, 331.3760681152344]}
{"label": "air_conditioner", "probs": 0.6084758043289185, "boxs": [415.5025634765625, 266.4004821777344, 437.5130615234375, 289.9186096191406]}
{"label": "poster", "probs": 0.6067366600036621, "boxs": [1463.603271484375, 774.0381469726562, 1495.884765625, 807.7985229492188]}
{"label": "poster", "probs": 0.6048762798309326, "boxs": [1494.7403564453125, 777.0511474609375, 1531.784912109375, 811.1688842773438]}
{"label": "poster", "probs": 0.5961129069328308, "boxs": [1052.4874267578125, 571.89599609375, 1089.4549560546875, 632.1260375976562]}
{"label": "taillight", "probs": 0.5930895805358887, "boxs": [264.17889404296875, 772.0733032226562, 318.9294738769531, 788.9526977539062]}
{"label": "dress", "probs": 0.5901957154273987, "boxs": [889.5753784179688, 735.9893798828125, 938.9817504882812, 839.45703125]}
{"label": "flag", "probs": 0.585909366607666, "boxs": [1729.725830078125, 467.69073486328125, 1764.448486328125, 534.7388916015625]}
{"label": "air_conditioner", "probs": 0.5818929076194763, "boxs": [405.22698974609375, 562.1382446289062, 435.4105529785156, 591.3480834960938]}
{"label": "curtain", "probs": 0.5774556994438171, "boxs": [1163.248779296875, 146.36160278320312, 1205.995361328125, 254.873046875]}
{"label": "air_conditioner", "probs": 0.5772680640220642, "boxs": [407.6866760253906, 463.8144836425781, 433.6036682128906, 489.2850341796875]}
{"label": "person", "probs": 0.5772619247436523, "boxs": [868.5518188476562, 705.8861694335938, 894.9113159179688, 788.80029296875]}
{"label": "poster", "probs": 0.570758581161499, "boxs": [1446.4752197265625, 832.547607421875, 1496.6793212890625, 860.2190551757812]}
{"label": "motorcycle", "probs": 0.564502477645874, "boxs": [0.0009423132287338376, 761.3560180664062, 39.95906448364258, 916.4989624023438]}
{"label": "air_conditioner", "probs": 0.556357741355896, "boxs": [878.8645629882812, 533.9942016601562, 904.4325561523438, 556.538818359375]}
{"label": "pole", "probs": 0.5562855005264282, "boxs": [1220.22607421875, 906.1619873046875, 1255.5908203125, 985.5742797851562]}
{"label": "signboard", "probs": 0.5519862174987793, "boxs": [1020.850341796875, 386.6997375488281, 1236.4725341796875, 492.8773193359375]}
{"label": "poster", "probs": 0.5473915338516235, "boxs": [1354.5887451171875, 582.7818603515625, 1376.132568359375, 645.0091552734375]}
{"label": "pole", "probs": 0.5473819375038147, "boxs": [369.7989196777344, 978.1585083007812, 419.6662902832031, 1079.01953125]}
{"label": "poster", "probs": 0.5462669134140015, "boxs": [1046.703125, 659.7608642578125, 1079.2137451171875, 704.8040771484375]}
{"label": "windshield_wiper", "probs": 0.5376064777374268, "boxs": [161.90277099609375, 750.87548828125, 218.1548309326172, 771.1470947265625]}
{"label": "pipe", "probs": 0.5336598753929138,