{"label": "car_(automobile)", "probs": 0.9411733746528625, "boxs": [223.78765869140625, 727.1314086914062, 400.0491943359375, 851.350830078125]}
{"label": "car_(automobile)", "probs": 0.9321688413619995, "boxs": [1154.6328125, 618.681884765625, 1919.6817626953125, 1074.822265625]}
{"label": "person", "probs": 0.9219972491264343, "boxs": [861.5247802734375, 707.3533325195312, 920.3868408203125, 895.2981567382812]}
{"label": "car_(automobile)", "probs": 0.9048263430595398, "boxs": [5.820297718048096, 723.7403564453125, 265.5029296875, 875.474609375]}
{"label": "person", "probs": 0.9005676507949829, "boxs": [794.2010498046875, 706.3697509765625, 853.8919067382812, 893.1762084960938]}
{"label": "person", "probs": 0.900537371635437, "boxs": [1105.653076171875, 692.6084594726562, 1173.90966796875, 905.001953125]}
{"label": "car_(automobile)", "probs": 0.886529803276062, "boxs": [692.6434326171875, 731.4932250976562, 748.9391479492188, 782.5645141601562]}
{"label": "car_(automobile)", "probs": 0.8742101192474365, "boxs": [594.9034423828125, 726.9948120117188, 710.6072387695312, 814.987060546875]}
{"label": "bicycle", "probs": 0.854096531867981, "boxs": [18.69554328918457, 778.4035034179688, 130.84437561035156, 909.3280639648438]}
{"label": "person", "probs": 0.8514794707298279, "boxs": [914.4088745117188, 708.3025512695312, 972.0151977539062, 886.2779541015625]}
{"label": "awning", "probs": 0.8208483457565308, "boxs": [171.6441650390625, 464.41900634765625, 229.04710388183594, 528.218994140625]}
{"label": "air_conditioner", "probs": 0.8149718046188354, "boxs": [1224.9412841796875, 440.63848876953125, 1326.54443359375, 519.6749267578125]}
{"label": "car_(automobile)", "probs": 0.807472825050354, "boxs": [421.1130065917969, 734.8775634765625, 637.181640625, 866.4830322265625]}
{"label": "person", "probs": 0.801601231098175, "boxs": [736.6539916992188, 708.457763671875, 784.4928588867188, 849.6224365234375]}
{"label": "taillight", "probs": 0.7900117039680481, "boxs": [241.22543334960938, 770.6975708007812, 259.3197326660156, 800.2711791992188]}
{"label": "air_conditioner", "probs": 0.7832481265068054, "boxs": [307.68072509765625, 162.6843719482422, 341.9576721191406, 196.9788360595703]}
{"label": "awning", "probs": 0.763556957244873, "boxs": [1296.8802490234375, 659.3780517578125, 1665.3211669921875, 713.9005737304688]}
{"label": "air_conditioner", "probs": 0.7611013650894165, "boxs": [1050.379638671875, 0.4574185311794281, 1143.8349609375, 48.347965240478516]}
{"label": "awning", "probs": 0.7604487538337708, "boxs": [222.76939392089844, 617.5540771484375, 344.6389465332031, 663.3319091796875]}
{"label": "license_plate", "probs": 0.7574381232261658, "boxs": [162.74191284179688, 822.39404296875, 222.8984832763672, 841.6926879882812]}
{"label": "air_conditioner", "probs": 0.7506360411643982, "boxs": [298.53485107421875, 564.0465698242188, 334.0690002441406, 596.8167724609375]}
{"label": "taillight", "probs": 0.7486360669136047, "boxs": [361.9019470214844, 774.3778076171875, 394.4655456542969, 788.5907592773438]}
{"label": "poster", "probs": 0.7445659041404724, "boxs": [1453.3406982421875, 395.6636657714844, 1562.923095703125, 658.3997802734375]}
{"label": "awning", "probs": 0.7123085856437683, "boxs": [150.11041259765625, 600.607666015625, 256.8653564453125, 658.612548828125]}
{"label": "street_sign", "probs": 0.7083480954170227, "boxs": [68.40214538574219, 578.3175659179688, 154.0937042236328, 651.4878540039062]}
{"label": "street_sign", "probs": 0.7077646255493164, "boxs": [67.85905456542969, 505.6544189453125, 161.6528778076172, 581.1051635742188]}
{"label": "rearview_mirror", "probs": 0.6977640986442566, "boxs": [1491.7646484375, 784.7018432617188, 1533.6873779296875, 877.508544921875]}
{"label": "headlight", "probs": 0.6972058415412903, "boxs": [1175.3551025390625, 857.5733032226562, 1263.0948486328125, 914.5426025390625]}
{"label": "taillight", "probs": 0.696855366230011, "boxs": [101.1858139038086, 781.3072509765625, 126.38037872314453, 812.70849609375]}
{"label": "signboard", "probs": 0.6880070567131042, "boxs": [1553.7921142578125, 368.3774108886719, 1799.15087890625, 470.1058654785156]}
{"label": "signboard", "probs": 0.6750977039337158, "boxs": [927.546142578125, 527.6753540039062, 969.9506225585938, 568.0850219726562]}
{"label": "person", "probs": 0.6703278422355652, "boxs": [960.519287109375, 718.154296875, 996.9364013671875, 842.6403198242188]}
{"label": "poster", "probs": 0.6609393358230591, "boxs": [1036.859619140625, 706.9633178710938, 1089.8839111328125, 791.6627807617188]}
{"label": "poster", "probs": 0.6557110548019409, "boxs": [1040.4205322265625, 575.2498779296875, 1077.682373046875, 635.1611328125]}
{"label": "awning", "probs": 0.6506076455116272, "boxs": [776.3921508789062, 681.1895751953125, 887.6536254882812, 710.2051391601562]}
{"label": "car_(automobile)", "probs": 0.6394922733306885, "boxs": [772.06884765625, 721.07080078125, 812.9616088867188, 817.911865234375]}
{"label": "poster", "probs": 0.6384676694869995, "boxs": [1371.0517578125, 524.6205444335938, 1437.58642578125, 584.5546264648438]}
{"label": "awning", "probs": 0.6377372741699219, "boxs": [90.6300048828125, 418.2537536621094, 153.9361114501953, 452.6395568847656]}
{"label": "poster", "probs": 0.6299701929092407, "boxs": [1034.7509765625, 661.3170166015625, 1070.2449951171875, 707.8806762695312]}
{"label": "handle", "probs": 0.6167048215866089, "boxs": [1765.39990234375, 889.3765869140625, 1877.57421875, 909.8256225585938]}
{"label": "poster", "probs": 0.6146453619003296, "boxs": [1335.6766357421875, 585.656494140625, 1358.1270751953125, 631.6058959960938]}
{"label": "fan", "probs": 0.6031947135925293, "boxs": [1241.2764892578125, 641.625732421875, 1299.1505126953125, 712.9547729492188]}
{"label": "car_(automobile)", "probs": 0.6008962988853455, "boxs": [276.1751403808594, 695.7489624023438, 472.35687255859375, 806.0650024414062]}
{"label": "pole", "probs": 0.5831382274627686, "boxs": [319.40106201171875, 981.0866088867188, 368.6953125, 1079.1424560546875]}
{"label": "air_conditioner", "probs": 0.5659182071685791, "boxs": [412.3359375, 564.8986206054688, 441.2230529785156, 594.0479736328125]}
{"label": "poster", "probs": 0.5592376589775085, "boxs": [1028.5499267578125, 782.48876953125, 1087.5023193359375, 881.3265380859375]}
{"label": "pipe", "probs": 0.5582110285758972, "boxs": [1211.62353515625, 0.728833019733429, 1237.964599609375, 378.5564880371094]}
{"label": "wheel", "probs": 0.5533972382545471, "boxs": [1217.65478515625, 956.1314697265625, 1436.3116455078125, 1078.8375244140625]}
{"label": "poster", "probs": 0.5376718044281006, "boxs": [1336.83154296875, 543.0095825195312, 1357.7373046875, 585.8848266601562]}
{"label": "lamppost", "probs": 0.5371800661087036, "boxs": [743.7460327148438, 319.019775390625, 766.33642578125, 873.9075317382812]}
{"label": "fireplug", "probs": 0.5354155898094177, "boxs": [993.7691650390625, 891.0354614257812, 1022.0687255859375, 960.7343139648438]}
{"label": "wheel", "probs": 0.5310778617858887, "boxs": [579.0084228515625, 809.1882934570312, 606.3495483398438, 867.7940673828125]}
{"label": "windshield_wiper", "probs": 0.5300767421722412, "boxs": [160.12744140625, 749.8911743164062, 216.1946258544922, 773.4653930664062]}
{"label": "taillight", "probs": 0.5201458930969238, "boxs": [433.7878112792969, 772.4644165039062, 450.3837890625, 790.5389404296875]}
{"label": "license_plate", "probs": 0.5197165608406067, "boxs": [537.404541015625, 771.5709838867188, 563.9801635742188, 782.1846923828125]}
{"label": "awning", "probs": 0.5074778199195862, "boxs": [0.13059692084789276, 573.8868408203125, 72.4686508178711, 644.0588989257812]}
{"label": "pole", "probs": 0.5068868398666382, "boxs": [601.0546264648438, 977.132080078125, 644.9223022460938, 1079.747314453125]}
{"label": "street_sign", "probs": 0.5056424140930176, "boxs": [615.4813842773438, 672.6046752929688, 636.2327880859375, 693.468505859375]}
{"label": "air_conditioner",