{"label": "car_(automobile)", "probs": 0.9352695345878601, "boxs": [885.2857055664062, 630.4358520507812, 1920.0, 1078.5279541015625]}
{"label": "car_(automobile)", "probs": 0.9274541139602661, "boxs": [3.2641730308532715, 725.84619140625, 259.75860595703125, 876.6320190429688]}
{"label": "person", "probs": 0.9177704453468323, "boxs": [768.6909790039062, 709.5994262695312, 825.8776245117188, 893.0062255859375]}
{"label": "car_(automobile)", "probs": 0.91461580991745, "boxs": [422.4925231933594, 725.7060546875, 642.8296508789062, 858.138427734375]}
{"label": "person", "probs": 0.8968835473060608, "boxs": [836.8425903320312, 707.3489990234375, 896.93017578125, 893.7031860351562]}
{"label": "car_(automobile)", "probs": 0.8735434412956238, "boxs": [697.8436279296875, 731.6162719726562, 747.218017578125, 780.0198974609375]}
{"label": "person", "probs": 0.866828203201294, "boxs": [1103.2271728515625, 696.87353515625, 1151.369873046875, 768.1558227539062]}
{"label": "car_(automobile)", "probs": 0.8555402159690857, "boxs": [213.670166015625, 725.8506469726562, 376.5407409667969, 846.0155639648438]}
{"label": "awning", "probs": 0.8545596599578857, "boxs": [173.3274688720703, 467.75787353515625, 232.4241485595703, 530.3789672851562]}
{"label": "air_conditioner", "probs": 0.8401346206665039, "boxs": [1199.8524169921875, 443.2590637207031, 1297.4044189453125, 522.1157836914062]}
{"label": "car_(automobile)", "probs": 0.8381165862083435, "boxs": [609.6898803710938, 728.0256958007812, 713.2710571289062, 812.2377319335938]}
{"label": "person", "probs": 0.8278883695602417, "boxs": [738.1559448242188, 708.8278198242188, 780.009033203125, 839.5960693359375]}
{"label": "bicycle", "probs": 0.8179481029510498, "boxs": [4.15821647644043, 779.5348510742188, 120.0123291015625, 910.9654541015625]}
{"label": "person", "probs": 0.7892033457756042, "boxs": [889.7041625976562, 702.7739868164062, 953.8411865234375, 872.9647216796875]}
{"label": "awning", "probs": 0.7860182523727417, "boxs": [222.5833282470703, 616.7149658203125, 347.21197509765625, 663.2450561523438]}
{"label": "license_plate", "probs": 0.7836769223213196, "boxs": [487.7362976074219, 781.7490234375, 536.4085083007812, 794.5465698242188]}
{"label": "taillight", "probs": 0.7813350558280945, "boxs": [234.88677978515625, 771.5931396484375, 252.4344024658203, 800.8670654296875]}
{"label": "street_sign", "probs": 0.7526643872261047, "boxs": [61.09193801879883, 511.3933410644531, 154.34671020507812, 584.5508422851562]}
{"label": "taillight", "probs": 0.7256371974945068, "boxs": [91.93988800048828, 781.1849365234375, 120.54016876220703, 812.2222290039062]}
{"label": "awning", "probs": 0.7148087620735168, "boxs": [1.8533185720443726, 576.5744018554688, 264.12066650390625, 660.2893676757812]}
{"label": "air_conditioner", "probs": 0.7123479843139648, "boxs": [312.846435546875, 165.1619110107422, 345.94537353515625, 202.79702758789062]}
{"label": "handle", "probs": 0.7107122540473938, "boxs": [1281.5189208984375, 865.745361328125, 1352.460693359375, 880.8289794921875]}
{"label": "signboard", "probs": 0.7086144089698792, "boxs": [1521.156982421875, 372.6711120605469, 1763.26025390625, 474.06243896484375]}
{"label": "air_conditioner", "probs": 0.7052163481712341, "boxs": [301.1953430175781, 566.637451171875, 337.9650573730469, 602.4931640625]}
{"label": "street_sign", "probs": 0.6942605376243591, "boxs": [60.884159088134766, 580.8994140625, 146.94140625, 651.7471313476562]}
{"label": "license_plate", "probs": 0.6879441738128662, "boxs": [156.2313995361328, 823.0443115234375, 215.89280700683594, 840.5721435546875]}
{"label": "poster", "probs": 0.6819815635681152, "boxs": [1020.3492431640625, 577.84033203125, 1060.9722900390625, 708.9332275390625]}
{"label": "handle", "probs": 0.660394012928009, "boxs": [1626.9825439453125, 834.079345703125, 1732.9984130859375, 855.8372192382812]}
{"label": "signboard", "probs": 0.6587132215499878, "boxs": [918.0117797851562, 527.4843139648438, 964.53125, 569.31201171875]}
{"label": "poster", "probs": 0.6526163816452026, "boxs": [1345.2406005859375, 528.3870849609375, 1406.6767578125, 584.1322631835938]}
{"label": "steering_wheel", "probs": 0.6276221871376038, "boxs": [1249.3021240234375, 763.0513305664062, 1322.9222412109375, 807.8583374023438]}
{"label": "person", "probs": 0.6221470832824707, "boxs": [947.169921875, 722.7308959960938, 986.9730834960938, 827.8593139648438]}
{"label": "person", "probs": 0.6205530762672424, "boxs": [806.6748657226562, 709.3262329101562, 847.4668579101562, 832.52587890625]}
{"label": "poster", "probs": 0.6059943437576294, "boxs": [1021.1825561523438, 709.3223876953125, 1068.10595703125, 786.982177734375]}
{"label": "person", "probs": 0.5985080003738403, "boxs": [0.2961445748806, 766.1950073242188, 43.510379791259766, 939.60498046875]}
{"label": "air_conditioner", "probs": 0.5923548340797424, "boxs": [1030.7593994140625, 0.4469101130962372, 1120.2991943359375, 56.11312484741211]}
{"label": "wheel", "probs": 0.5886962413787842, "boxs": [69.86358642578125, 820.3204345703125, 118.78241729736328, 914.212890625]}
{"label": "awning", "probs": 0.5869588255882263, "boxs": [143.02349853515625, 604.1212158203125, 257.39312744140625, 658.18408203125]}
{"label": "street_sign", "probs": 0.5714679956436157, "boxs": [304.6837158203125, 696.3496704101562, 385.9965515136719, 757.0330810546875]}
{"label": "street_sign", "probs": 0.5695874691009521, "boxs": [1570.5408935546875, 604.3177490234375, 1613.9852294921875, 632.1196899414062]}
{"label": "awning", "probs": 0.5656138062477112, "boxs": [95.12203216552734, 422.81475830078125, 156.46185302734375, 458.05950927734375]}
{"label": "signboard", "probs": 0.5621278882026672, "boxs": [988.9552612304688, 381.7673645019531, 1197.0654296875, 499.2130432128906]}
{"label": "license_plate", "probs": 0.5598995089530945, "boxs": [309.0174865722656, 775.0608520507812, 374.689697265625, 788.3768310546875]}
{"label": "pole", "probs": 0.5523087382316589, "boxs": [263.6149597167969, 978.0387573242188, 312.9544982910156, 1079.1083984375]}
{"label": "wheel", "probs": 0.5519806742668152, "boxs": [911.3240966796875, 928.2525634765625, 1073.3135986328125, 1079.6676025390625]}
{"label": "fireplug", "probs": 0.5518593788146973, "boxs": [698.8504028320312, 819.5890502929688, 714.7091674804688, 853.443115234375]}
{"label": "signboard", "probs": 0.5490880608558655, "boxs": [1033.92529296875, 371.9993591308594, 1136.4365234375, 474.5668640136719]}
{"label": "person", "probs": 0.5165792107582092, "boxs": [939.7139892578125, 756.7646484375, 962.0154418945312, 834.4784545898438]}
{"label": "dress", "probs": 0.5152103304862976, "boxs": [776.0060424804688, 739.27392578125, 821.1990966796875, 850.509521484375]}
{"label": "pipe", "probs": 0.5126892328262329, "boxs": [1183.810546875, 3.24017596244812, 1206.8648681640625, 384.1647033691406]}
{"label": "rearview_mirror", "probs": 0.5116591453552246, "boxs": [1103.257080078125, 777.9932250976562, 1140.875732421875, 857.4558715820312]}
{"label": "poster", "probs": 0.5013571381568909, "boxs": [1423.8876953125, 404.9218444824219, 1534.0516357421875, 613.5519409179688]}
