{"label": "car_(automobile)", "probs": 0.9343222379684448, "boxs": [663.8213500976562, 642.6937866210938, 1757.98291015625, 1078.27734375]}
{"label": "car_(automobile)", "probs": 0.9193497896194458, "boxs": [441.1995849609375, 720.5861206054688, 640.8306274414062, 847.0311889648438]}
{"label": "car_(automobile)", "probs": 0.8975435495376587, "boxs": [607.5726318359375, 722.6659545898438, 712.7537841796875, 801.0518798828125]}
{"label": "car_(automobile)", "probs": 0.8800999522209167, "boxs": [0.15504486858844757, 720.799560546875, 234.84519958496094, 856.4529418945312]}
{"label": "bicycle", "probs": 0.8578022718429565, "boxs": [0.9703463315963745, 774.2119140625, 103.58440399169922, 900.5053100585938]}
{"label": "person", "probs": 0.8543739914894104, "boxs": [786.8770141601562, 701.2132568359375, 825.8156127929688, 791.3584594726562]}
{"label": "air_conditioner", "probs": 0.8471409678459167, "boxs": [1165.8648681640625, 440.9648742675781, 1262.358154296875, 519.8925170898438]}
{"label": "taillight", "probs": 0.8202785849571228, "boxs": [1364.1361083984375, 788.9901123046875, 1551.5311279296875, 868.3099975585938]}
{"label": "taillight", "probs": 0.8041543960571289, "boxs": [79.7101821899414, 776.8917846679688, 106.87358856201172, 805.8837890625]}
{"label": "car_(automobile)", "probs": 0.7993776798248291, "boxs": [699.2141723632812, 723.3796997070312, 738.97021484375, 768.4899291992188]}
{"label": "awning", "probs": 0.7720665335655212, "boxs": [171.98306274414062, 464.574951171875, 230.02822875976562, 527.6085205078125]}
{"label": "street_sign", "probs": 0.7593915462493896, "boxs": [45.0596923828125, 510.173583984375, 135.869140625, 582.1575317382812]}
{"label": "license_plate", "probs": 0.7474401593208313, "boxs": [1606.8140869140625, 868.4876708984375, 1699.8193359375, 922.943603515625]}
{"label": "street_sign", "probs": 0.7444882392883301, "boxs": [45.38372802734375, 579.4143676757812, 127.43419647216797, 647.9124755859375]}
{"label": "air_conditioner", "probs": 0.7364504933357239, "boxs": [310.912841796875, 164.4213104248047, 342.77227783203125, 199.3722381591797]}
{"label": "taillight", "probs": 0.731810986995697, "boxs": [221.92160034179688, 765.7636108398438, 238.577880859375, 795.3106689453125]}
{"label": "signboard", "probs": 0.7249362468719482, "boxs": [1478.5201416015625, 368.0370788574219, 1712.181640625, 467.451416015625]}
{"label": "person", "probs": 0.7222907543182373, "boxs": [738.6931762695312, 701.5953979492188, 790.3147583007812, 807.524658203125]}
{"label": "handle", "probs": 0.7192818522453308, "boxs": [1174.9866943359375, 816.6618041992188, 1242.4227294921875, 833.07763671875]}
{"label": "poster", "probs": 0.7047510743141174, "boxs": [1851.3536376953125, 358.1359558105469, 1919.6898193359375, 573.6175537109375]}
{"label": "air_conditioner", "probs": 0.7020878195762634, "boxs": [1003.3358154296875, 0.20437318086624146, 1093.2890625, 56.43856430053711]}
{"label": "signboard", "probs": 0.6956247687339783, "boxs": [911.838134765625, 521.7506103515625, 951.6549682617188, 563.0593872070312]}
{"label": "poster", "probs": 0.6891606450080872, "boxs": [1383.617919921875, 405.1563720703125, 1486.287841796875, 652.9224243164062]}
{"label": "license_plate", "probs": 0.6827619671821594, "boxs": [141.41323852539062, 816.6654663085938, 205.60433959960938, 834.2281494140625]}
{"label": "taillight", "probs": 0.67684406042099, "boxs": [1509.1343994140625, 665.3436889648438, 1547.8082275390625, 675.337646484375]}
{"label": "poster", "probs": 0.6723190546035767, "boxs": [1309.20751953125, 524.2027587890625, 1367.243896484375, 580.4623413085938]}
{"label": "poster", "probs": 0.666797399520874, "boxs": [1858.312255859375, 573.36083984375, 1919.519775390625, 625.7235107421875]}
{"label": "poster", "probs": 0.6495742797851562, "boxs": [1865.34326171875, 521.607666015625, 1920.0, 572.302978515625]}
{"label": "air_conditioner", "probs": 0.6431609392166138, "boxs": [474.6755676269531, 305.90478515625, 496.9164123535156, 332.4615478515625]}
{"label": "wheel", "probs": 0.6382486820220947, "boxs": [683.9568481445312, 896.9679565429688, 822.3821411132812, 1073.226806640625]}
{"label": "poster", "probs": 0.6334485411643982, "boxs": [1272.6671142578125, 583.6536865234375, 1295.7508544921875, 628.2606811523438]}
{"label": "poster", "probs": 0.6324922442436218, "boxs": [995.8588256835938, 574.116455078125, 1032.3887939453125, 664.9225463867188]}
{"label": "person", "probs": 0.6316303014755249, "boxs": [822.952392578125, 706.4854125976562, 864.4392700195312, 771.1963500976562]}
{"label": "person", "probs": 0.628074049949646, "boxs": [723.3311767578125, 701.6202392578125, 769.2936401367188, 821.2982788085938]}
{"label": "doorknob", "probs": 0.6193479895591736, "boxs": [948.4326171875, 843.8928833007812, 994.5006103515625, 857.1028442382812]}
{"label": "lamppost", "probs": 0.61802077293396, "boxs": [500.261962890625, 329.38214111328125, 540.7338256835938, 1070.268310546875]}
{"label": "trash_can", "probs": 0.6093833446502686, "boxs": [6.868172022223007e-07, 870.5967407226562, 19.64752960205078, 928.1647338867188]}
{"label": "poster", "probs": 0.6091999411582947, "boxs": [1853.7669677734375, 316.02911376953125, 1916.1011962890625, 369.1695861816406]}
{"label": "awning", "probs": 0.6055848598480225, "boxs": [176.1757354736328, 0.628542959690094, 204.35757446289062, 40.563987731933594]}
{"label": "poster", "probs": 0.6013834476470947, "boxs": [1273.704345703125, 540.6998901367188, 1293.9041748046875, 582.5130004882812]}
{"label": "pipe", "probs": 0.6002560257911682, "boxs": [1153.607421875, 4.307168006896973, 1177.6650390625, 376.2301025390625]}
{"label": "steering_wheel", "probs": 0.5956966280937195, "boxs": [957.3258666992188, 761.19482421875, 1019.497314453125, 791.6763305664062]}
{"label": "awning", "probs": 0.592678964138031, "boxs": [674.7373657226562, 679.2766723632812, 715.7821044921875, 700.0617065429688]}
{"label": "poster", "probs": 0.5862621068954468, "boxs": [1852.1248779296875, 361.2091369628906, 1919.4976806640625, 414.6046447753906]}
{"label": "fireplug", "probs": 0.5842409133911133, "boxs": [471.07012939453125, 961.7142944335938, 519.6322021484375, 1077.62939453125]}
{"label": "window_box_(for_plants)", "probs": 0.5805067420005798, "boxs": [429.49017333984375, 286.312255859375, 451.814697265625, 297.2676696777344]}
{"label": "umbrella", "probs": 0.5768505930900574, "boxs": [766.284912109375, 674.1603393554688, 881.0173950195312, 711.83056640625]}
{"label": "street_sign", "probs": 0.5733776688575745, "boxs": [209.47003173828125, 671.878173828125, 377.74951171875, 754.3082275390625]}
{"label": "awning", "probs": 0.570692777633667, "boxs": [19.099178314208984, 595.7681884765625, 251.24925231933594, 653.5634765625]}
{"label": "car_(automobile)", "probs": 0.5690512657165527, "boxs": [455.7799377441406, 725.4793090820312, 478.21197509765625, 750.2444458007812]}
{"label": "traffic_light", "probs": 0.5686655044555664, "boxs": [615.3358764648438, 627.782470703125, 637.7739868164062, 649.087158203125]}
{"label": "signboard", "probs": 0.5678151249885559, "boxs": [963.9244995117188, 379.9156494140625, 1160.883544921875, 494.56097412109375]}
{"label": "license_plate", "probs": 0.5653131008148193, "boxs": [486.13201904296875, 772.4099731445312, 515.3073120117188, 786.615966796875]}
{"label": "trash_can", "probs": 0.5602194666862488, "boxs": [1595.7899169921875, 612.3468627929688, 1644.32861328125, 658.40576171875]}
{"label": "rearview_mirror", "probs": 0.5589710474014282, "boxs": [821.7060546875, 770.2817993164062, 861.63916015625, 810.5758056640625]}
{"label": "wheel", "probs": 0.5587379336357117, "boxs": [1192.0595703125, 963.3536376953125, 1433.5865478515625, 1079.251708984375]}
{"label": "person", "probs": 0.5539515018463135, "boxs": [860.3839111328125, 702.4159545898438, 882.8944702148438, 737.826416015625]}
{"label": "air_conditioner", "probs": 0.55205899477005,