{"label": "car_(automobile)", "probs": 0.929265558719635, "boxs": [428.8136291503906, 722.1842041015625, 618.2216186523438, 840.0052490234375]}
{"label": "car_(automobile)", "probs": 0.9104652404785156, "boxs": [493.0863037109375, 655.5377807617188, 1358.734130859375, 1075.4090576171875]}
{"label": "motorcycle", "probs": 0.8452402949333191, "boxs": [1601.255615234375, 810.3151245117188, 1905.0843505859375, 1076.722900390625]}
{"label": "car_(automobile)", "probs": 0.8446270227432251, "boxs": [192.40060424804688, 729.3995971679688, 353.2364807128906, 848.2457275390625]}
{"label": "taillight", "probs": 0.8185484409332275, "boxs": [984.494384765625, 775.16845703125, 1133.46630859375, 839.3948974609375]}
{"label": "taillight", "probs": 0.8154850006103516, "boxs": [46.3255500793457, 777.7683715820312, 72.30767059326172, 805.0021362304688]}
{"label": "car_(automobile)", "probs": 0.7880827784538269, "boxs": [0.00868136901408434, 724.679443359375, 210.71974182128906, 867.7235107421875]}
{"label": "bicycle", "probs": 0.7780943512916565, "boxs": [0.6359322667121887, 778.2442016601562, 62.031707763671875, 898.8941040039062]}
{"label": "license_plate", "probs": 0.7624390125274658, "boxs": [1183.06787109375, 843.6353149414062, 1288.1295166015625, 888.7257080078125]}
{"label": "car_(automobile)", "probs": 0.7611457705497742, "boxs": [263.3208923339844, 696.7372436523438, 434.9950256347656, 821.3949584960938]}
{"label": "air_conditioner", "probs": 0.7495582103729248, "boxs": [1114.71240234375, 440.05401611328125, 1209.796630859375, 520.6484985351562]}
{"label": "street_sign", "probs": 0.7437874674797058, "boxs": [5.861748695373535, 513.7130737304688, 97.17005157470703, 583.477783203125]}
{"label": "poster", "probs": 0.7389230728149414, "boxs": [1766.115966796875, 364.8168029785156, 1838.4476318359375, 519.3888549804688]}
{"label": "street_sign", "probs": 0.7359300851821899, "boxs": [5.134343147277832, 580.8184814453125, 92.06624603271484, 650.4569702148438]}
{"label": "poster", "probs": 0.7307138442993164, "boxs": [1773.05224609375, 571.0997314453125, 1846.3348388671875, 623.59423828125]}
{"label": "air_conditioner", "probs": 0.7244762182235718, "boxs": [292.7425842285156, 167.7307891845703, 325.6662902832031, 203.54119873046875]}
{"label": "fireplug", "probs": 0.7237535119056702, "boxs": [378.4642028808594, 954.16064453125, 426.0205993652344, 1068.7911376953125]}
{"label": "poster", "probs": 0.7189690470695496, "boxs": [953.986328125, 573.6721801757812, 989.7085571289062, 659.3546142578125]}
{"label": "poster", "probs": 0.7042937874794006, "boxs": [1326.3353271484375, 407.7831726074219, 1423.5281982421875, 652.4706420898438]}
{"label": "signboard", "probs": 0.6948428750038147, "boxs": [886.8765869140625, 525.2857666015625, 924.4676513671875, 563.6036376953125]}
{"label": "poster", "probs": 0.6927610635757446, "boxs": [1774.7786865234375, 519.9829711914062, 1840.9515380859375, 572.5513916015625]}
{"label": "poster", "probs": 0.6891053915023804, "boxs": [1253.6107177734375, 523.9492797851562, 1310.5330810546875, 580.8909301757812]}
{"label": "license_plate", "probs": 0.6867735385894775, "boxs": [471.1941833496094, 770.3609008789062, 518.6182250976562, 782.4224853515625]}
{"label": "truck", "probs": 0.6770560145378113, "boxs": [1114.0118408203125, 228.6539306640625, 1911.6396484375, 928.5751953125]}
{"label": "poster", "probs": 0.6764799952507019, "boxs": [1766.719482421875, 365.7423400878906, 1834.356201171875, 420.07061767578125]}
{"label": "poster", "probs": 0.6725688576698303, "boxs": [1879.1378173828125, 577.1547241210938, 1920.0, 673.65966796875]}
{"label": "taillight", "probs": 0.667678952217102, "boxs": [545.6083984375, 763.0657348632812, 565.760009765625, 772.6398315429688]}
{"label": "air_conditioner", "probs": 0.6624327898025513, "boxs": [459.2825927734375, 308.04156494140625, 481.2468566894531, 334.954833984375]}
{"label": "rearview_mirror", "probs": 0.6623591780662537, "boxs": [602.1114501953125, 769.1856689453125, 633.36376953125, 799.9454345703125]}
{"label": "street_sign", "probs": 0.6620038151741028, "boxs": [189.00511169433594, 672.9435424804688, 249.1084442138672, 727.4454345703125]}
{"label": "handle", "probs": 0.6605178713798523, "boxs": [856.7442626953125, 799.3197631835938, 902.1702880859375, 815.5197143554688]}
{"label": "air_conditioner", "probs": 0.657741129398346, "boxs": [958.0502319335938, 0.07345184683799744, 1046.28076171875, 62.30819320678711]}
{"label": "air_conditioner", "probs": 0.657112181186676, "boxs": [411.105712890625, 273.0599365234375, 434.6973876953125, 295.5453796386719]}
{"label": "person", "probs": 0.6528335213661194, "boxs": [1755.3704833984375, 667.5834350585938, 1847.5523681640625, 866.1185302734375]}
{"label": "street_sign", "probs": 0.6514704823493958, "boxs": [90.3743896484375, 695.6587524414062, 158.99620056152344, 750.8237915039062]}
{"label": "poster", "probs": 0.6457574963569641, "boxs": [1218.7608642578125, 584.3245239257812, 1242.4320068359375, 629.2454223632812]}
{"label": "car_(automobile)", "probs": 0.6404423117637634, "boxs": [430.7618103027344, 726.4037475585938, 459.66888427734375, 754.2864990234375]}
{"label": "signboard", "probs": 0.6400704979896545, "boxs": [1416.951171875, 374.4072265625, 1636.0125732421875, 460.97869873046875]}
{"label": "person", "probs": 0.6388257741928101, "boxs": [1811.695556640625, 614.0819091796875, 1916.9244384765625, 842.9464721679688]}
{"label": "awning", "probs": 0.6326146125793457, "boxs": [268.53643798828125, 627.2971801757812, 327.07574462890625, 659.5433349609375]}
{"label": "car_(automobile)", "probs": 0.6300946474075317, "boxs": [591.5460815429688, 718.283203125, 670.9180908203125, 763.5723266601562]}
{"label": "doorknob", "probs": 0.6290227174758911, "boxs": [693.7418823242188, 828.9547119140625, 728.5208129882812, 842.0514526367188]}
{"label": "wheel", "probs": 0.6259335279464722, "boxs": [1180.3319091796875, 995.9638671875, 1322.6370849609375, 1065.0416259765625]}
{"label": "air_conditioner", "probs": 0.6234689354896545, "boxs": [403.9412536621094, 562.4243774414062, 436.6700744628906, 591.2711791992188]}
{"label": "poster", "probs": 0.6144330501556396, "boxs": [1219.1444091796875, 542.1624755859375, 1240.1258544921875, 583.1207275390625]}
{"label": "wheel", "probs": 0.6129865646362305, "boxs": [497.4840393066406, 880.8247680664062, 595.7960205078125, 1036.88330078125]}
{"label": "wheel", "probs": 0.6103379726409912, "boxs": [860.427001953125, 918.616943359375, 1043.4228515625, 1079.9417724609375]}
{"label": "taillight", "probs": 0.609460711479187, "boxs": [235.2237091064453, 771.4963989257812, 262.8550720214844, 782.7695922851562]}
{"label": "signboard", "probs": 0.6019036769866943, "boxs": [923.2794799804688, 381.9432373046875, 1112.450927734375, 497.40118408203125]}
{"label": "license_plate", "probs": 0.592383861541748, "boxs": [118.42562866210938, 815.5872192382812, 167.91180419921875, 832.0628662109375]}
{"label": "poster", "probs": 0.5837339758872986, "boxs": [1838.5582275390625, 432.0285949707031, 1864.3026123046875, 490.9984436035156]}
{"label": "poster", "probs": 0.5820432305335999, "boxs": [1770.3607177734375, 320.59381103515625, 1830.941650390625, 373.6171875]}
{"label": "awning", "probs": 0.5795658230781555, "boxs": [133.79408264160156, 0.4668159782886505, 182.18943786621094, 46.17230224609375]}
{"label": "taillight", "probs": 0.5741897225379944, "boxs": [316.7515563964844, 756.8460693359375, 357.2656555175781, 781.96923828125]}
{"label": "headlight", "probs": 0.5702343583106995, "boxs": [1620.8585205078125, 932.8878173828125, 1698.8865966796875, 1003.7802124023438]}
{"label": "air_conditioner", "probs": 0.5698975920677185, "boxs": [411.06768798828125, 465.96551513671875, 432.57293701171875, 490.2657165527344]}
{"label": "poster", "probs": 0.5652230978012085, "boxs": [1461.105712890625, 599.2118530273438, 1499.9805908203125, 628.2417602539062]}
{"label": "pipe", "probs": 0.5540837049484253,