{"label": "car_(automobile)", "probs": 0.8966366648674011, "boxs": [450.621826171875, 429.66796875, 526.3320922851562, 464.23553466796875]}
{"label": "person", "probs": 0.8509321212768555, "boxs": [0.605088472366333, 804.7229614257812, 267.6127014160156, 957.6846923828125]}
{"label": "car_(automobile)", "probs": 0.824000895023346, "boxs": [513.4463500976562, 435.95269775390625, 543.2843017578125, 481.28326416015625]}
{"label": "car_(automobile)", "probs": 0.7924229502677917, "boxs": [345.1667175292969, 438.7923583984375, 444.4789733886719, 478.294677734375]}
{"label": "street_sign", "probs": 0.6176372766494751, "boxs": [276.5075378417969, 440.43115234375, 297.5539245605469, 456.42138671875]}
{"label": "wheel", "probs": 0.5672057271003723, "boxs": [453.0229797363281, 449.66021728515625, 464.51348876953125, 464.35357666015625]}
{"label": "fireplug", "probs": 0.5558631420135498, "boxs": [406.43756103515625, 529.7232055664062, 426.1993408203125, 576.576904296875]}
{"label": "wheel", "probs": 0.5506898760795593, "boxs": [401.06256103515625, 460.79681396484375, 413.46832275390625, 474.5252380371094]}
{"label": "car_(automobile)", "probs": 0.5456744432449341, "boxs": [512.2794799804688, 428.3336181640625, 543.0818481445312, 440.2936096191406]}
{"label": "fireplug", "probs": 0.5240463018417358, "boxs": [402.39642333984375, 498.8518981933594, 439.39251708984375, 576.9572143554688]}
