{"label": "car_(automobile)", "probs": 0.9101841449737549, "boxs": [487.79608154296875, 416.80950927734375, 543.8272094726562, 475.02752685546875]}
{"label": "car_(automobile)", "probs": 0.9048175811767578, "boxs": [423.5785217285156, 426.2486572265625, 493.9374694824219, 459.422119140625]}
{"label": "car_(automobile)", "probs": 0.8011616468429565, "boxs": [343.1034240722656, 436.2847900390625, 416.3787841796875, 471.7345886230469]}
{"label": "car_(automobile)", "probs": 0.7990370392799377, "boxs": [299.8707580566406, 447.2005615234375, 374.3586730957031, 476.9126281738281]}
{"label": "person", "probs": 0.7536550164222717, "boxs": [0.0, 835.097900390625, 271.81585693359375, 957.4097900390625]}
{"label": "car_(automobile)", "probs": 0.6279966235160828, "boxs": [477.8160095214844, 426.5477294921875, 507.7037353515625, 444.29632568359375]}
{"label": "awning", "probs": 0.6170443296432495, "boxs": [249.891357421875, 439.5484619140625, 272.4461364746094, 455.6839294433594]}
{"label": "wheel", "probs": 0.5690816640853882, "boxs": [462.4631042480469, 444.05181884765625, 474.18084716796875, 457.9872131347656]}
{"label": "fireplug", "probs": 0.5401133894920349, "boxs": [379.93646240234375, 497.7329406738281, 417.6296081542969, 540.5206298828125]}
{"label": "wheel", "probs": 0.532402753829956, "boxs": [425.4458312988281, 446.9995422363281, 435.2426452636719, 460.80584716796875]}
{"label": "grill", "probs": 0.5296533703804016, "boxs": [385.86920166015625, 449.66644287109375, 399.1154479980469, 462.63531494140625]}
{"label": "traffic_light", "probs": 0.5170259475708008, "boxs": [92.57211303710938, 459.9512634277344, 106.91929626464844, 476.1240234375]}
