{"label": "car_(automobile)", "probs": 0.9197107553482056, "boxs": [455.4991455078125, 427.6085510253906, 530.2709350585938, 462.7455749511719]}
{"label": "car_(automobile)", "probs": 0.8885213732719421, "boxs": [372.8596496582031, 439.6126403808594, 450.5102844238281, 474.699951171875]}
{"label": "person", "probs": 0.811989426612854, "boxs": [0.2721666693687439, 822.8385620117188, 255.18592834472656, 958.06787109375]}
{"label": "car_(automobile)", "probs": 0.8089942336082458, "boxs": [350.0769348144531, 449.1544189453125, 405.9450378417969, 479.70245361328125]}
{"label": "car_(automobile)", "probs": 0.6884164810180664, "boxs": [514.5502319335938, 425.4241027832031, 543.6140747070312, 446.5679626464844]}
{"label": "traffic_light", "probs": 0.5995814204216003, "boxs": [122.73675537109375, 466.7149963378906, 136.9125518798828, 481.3640441894531]}
{"label": "license_plate", "probs": 0.5723698139190674, "boxs": [512.6739501953125, 447.5607604980469, 521.62548828125, 454.677734375]}
{"label": "fireplug", "probs": 0.5528048276901245, "boxs": [413.4725646972656, 504.7906799316406, 456.53680419921875, 599.1458129882812]}
{"label": "signboard", "probs": 0.5397658348083496, "boxs": [275.3556213378906, 442.7102355957031, 298.0908508300781, 459.6756896972656]}
{"label": "wheel", "probs": 0.5229215621948242, "boxs": [459.06103515625, 449.3003845214844, 469.9088134765625, 462.2249450683594]}
