{"label": "car_(automobile)", "probs": 0.9180572032928467, "boxs": [469.7889099121094, 428.7073059082031, 543.6654663085938, 465.4560852050781]}
{"label": "car_(automobile)", "probs": 0.854992687702179, "boxs": [382.6157531738281, 441.6076354980469, 464.69659423828125, 478.00213623046875]}
{"label": "car_(automobile)", "probs": 0.7790169715881348, "boxs": [367.8285827636719, 451.49737548828125, 418.1643371582031, 482.75634765625]}
{"label": "person", "probs": 0.6431931257247925, "boxs": [0.0, 828.763427734375, 227.59559631347656, 958.0763549804688]}
{"label": "reflector", "probs": 0.6044822931289673, "boxs": [457.30975341796875, 564.2738037109375, 471.36553955078125, 574.113525390625]}
{"label": "signboard", "probs": 0.6008399724960327, "boxs": [288.14947509765625, 443.6169738769531, 310.04736328125, 461.76275634765625]}
{"label": "wheel", "probs": 0.5516993403434753, "boxs": [474.1041564941406, 452.31561279296875, 485.7581481933594, 466.23175048828125]}
{"label": "wheel", "probs": 0.5090876817703247, "boxs": [514.8040161132812, 448.46502685546875, 531.084228515625, 464.28350830078125]}
{"label": "car_(automobile)", "probs": 0.5068790912628174, "boxs": [530.764404296875, 428.8807067871094, 543.3722534179688, 437.62353515625]}
{"label": "person", "probs": 0.5004752278327942, "boxs": [0.0, 827.8863525390625, 534.1143188476562, 958.091064453125]}
{"label": "traffic_light", "probs": 0.5000715255737305, "boxs": [134.07830810546875, 469.03717041015625, 145.46099853515625, 481.4789123535156]}
