{"label": "car_(automobile)", "probs": 0.9295343160629272, "boxs": [449.2237243652344, 440.1022644042969, 535.7671508789062, 475.1094055175781]}
{"label": "car_(automobile)", "probs": 0.8293942213058472, "boxs": [365.774169921875, 449.1660461425781, 446.9040222167969, 486.2596435546875]}
{"label": "car_(automobile)", "probs": 0.7662991881370544, "boxs": [325.9267883300781, 458.4594421386719, 401.24444580078125, 490.6387023925781]}
{"label": "person", "probs": 0.7627512812614441, "boxs": [0.0, 818.677734375, 270.1946105957031, 957.537841796875]}
{"label": "car_(automobile)", "probs": 0.7126970291137695, "boxs": [511.38787841796875, 440.0035705566406, 543.7324829101562, 461.5356750488281]}
{"label": "street_sign", "probs": 0.6589983701705933, "boxs": [270.56890869140625, 450.05743408203125, 290.8778076171875, 466.5174865722656]}
{"label": "traffic_light", "probs": 0.6117824912071228, "boxs": [113.0809555053711, 470.9115295410156, 122.58092498779297, 484.447265625]}
{"label": "wheel", "probs": 0.5122119784355164, "boxs": [401.1092224121094, 473.95819091796875, 412.5905456542969, 487.0852355957031]}
