{"label": "car_(automobile)", "probs": 0.9255370497703552, "boxs": [469.0225830078125, 444.8878173828125, 544.0, 481.0321350097656]}
{"label": "person", "probs": 0.875464916229248, "boxs": [0.0, 808.4815673828125, 285.2452697753906, 958.1527709960938]}
{"label": "car_(automobile)", "probs": 0.8515523672103882, "boxs": [381.52337646484375, 453.3650207519531, 468.5547180175781, 491.6793518066406]}
{"label": "car_(automobile)", "probs": 0.8048313856124878, "boxs": [339.749755859375, 460.6646423339844, 420.1063537597656, 493.55535888671875]}
{"label": "street_sign", "probs": 0.7133155465126038, "boxs": [284.900634765625, 450.0486145019531, 307.8941955566406, 467.3381042480469]}
{"label": "wheel", "probs": 0.54304438829422, "boxs": [476.4623718261719, 466.5175476074219, 489.4479064941406, 481.1236877441406]}
{"label": "wheel", "probs": 0.5157229900360107, "boxs": [519.0653686523438, 465.5652770996094, 534.4183349609375, 480.52508544921875]}
