{"label": "car_(automobile)", "probs": 0.9056186676025391, "boxs": [413.61480712890625, 444.23358154296875, 505.49713134765625, 483.8897399902344]}
{"label": "car_(automobile)", "probs": 0.8560112714767456, "boxs": [504.88421630859375, 436.9562683105469, 543.482177734375, 473.8603820800781]}
{"label": "car_(automobile)", "probs": 0.8180993795394897, "boxs": [367.40338134765625, 452.7744140625, 453.0290222167969, 486.4274597167969]}
{"label": "person", "probs": 0.7139601707458496, "boxs": [0.603813111782074, 857.31689453125, 218.855712890625, 958.5774536132812]}
{"label": "street_sign", "probs": 0.7000679969787598, "boxs": [314.4010009765625, 438.5716552734375, 335.0855407714844, 456.0520324707031]}
{"label": "snowman", "probs": 0.5651997327804565, "boxs": [499.6632385253906, 511.40557861328125, 543.7325439453125, 596.9939575195312]}
{"label": "headlight", "probs": 0.5169761180877686, "boxs": [503.3751525878906, 453.98089599609375, 507.4669189453125, 462.045654296875]}
