{"label": "car_(automobile)", "probs": 0.9465983510017395, "boxs": [463.9756164550781, 444.624267578125, 543.6967163085938, 479.86956787109375]}
{"label": "car_(automobile)", "probs": 0.870250940322876, "boxs": [370.7726135253906, 451.7943420410156, 463.9625549316406, 491.6014099121094]}
{"label": "car_(automobile)", "probs": 0.7054890394210815, "boxs": [338.3411560058594, 461.89227294921875, 415.1067810058594, 495.0609130859375]}
{"label": "person", "probs": 0.6554805040359497, "boxs": [0.2842165529727936, 813.9159545898438, 251.96945190429688, 957.1593627929688]}
{"label": "street_sign", "probs": 0.6513249278068542, "boxs": [274.8373718261719, 447.7765197753906, 298.5025634765625, 466.6456298828125]}
{"label": "fireplug", "probs": 0.616363525390625, "boxs": [475.26416015625, 506.8012390136719, 535.3439331054688, 611.8065185546875]}
{"label": "traffic_light", "probs": 0.6142793297767639, "boxs": [112.99500274658203, 465.58099365234375, 125.29634857177734, 481.67236328125]}
{"label": "person", "probs": 0.5624767541885376, "boxs": [0.0, 811.3457641601562, 543.9810791015625, 958.3101196289062]}
{"label": "fireplug", "probs": 0.5058192610740662, "boxs": [500.4761657714844, 506.6076354980469, 541.4778442382812, 547.8795776367188]}
