{"label": "car_(automobile)", "probs": 0.9269962310791016, "boxs": [448.09844970703125, 446.4073486328125, 542.1260375976562, 483.277099609375]}
{"label": "car_(automobile)", "probs": 0.9102728962898254, "boxs": [362.47119140625, 456.4013366699219, 451.5370178222656, 493.8553771972656]}
{"label": "fireplug", "probs": 0.8691995739936829, "boxs": [477.3514709472656, 509.39898681640625, 540.822998046875, 624.3773803710938]}
{"label": "person", "probs": 0.8129719495773315, "boxs": [0.8778378367424011, 814.037109375, 249.69290161132812, 957.6664428710938]}
{"label": "car_(automobile)", "probs": 0.7922552227973938, "boxs": [315.5482177734375, 463.6853942871094, 401.6045837402344, 499.59039306640625]}
{"label": "street_sign", "probs": 0.7163926959037781, "boxs": [261.0636291503906, 453.50323486328125, 283.9988708496094, 473.16522216796875]}
{"label": "car_(automobile)", "probs": 0.6262274384498596, "boxs": [515.2194213867188, 445.9444885253906, 543.8124389648438, 472.5312805175781]}
{"label": "traffic_light", "probs": 0.5883092284202576, "boxs": [97.71006774902344, 476.6470031738281, 106.87769317626953, 492.50836181640625]}
{"label": "wheel", "probs": 0.5506640672683716, "boxs": [500.0205993652344, 465.3668212890625, 517.2831420898438, 482.5810546875]}
{"label": "wheel", "probs": 0.5364075303077698, "boxs": [455.2073669433594, 468.4123229980469, 468.9171447753906, 483.1441955566406]}
{"label": "wheel", "probs": 0.5192296504974365, "boxs": [400.45062255859375, 479.033935546875, 414.42926025390625, 494.3145446777344]}
