{"label": "person", "probs": 0.9156239628791809, "boxs": [613.8622436523438, 342.53497314453125, 863.6669311523438, 1058.2672119140625]}
{"label": "person", "probs": 0.8590821027755737, "boxs": [0.0, 376.6082763671875, 91.31214141845703, 783.3297119140625]}
{"label": "person", "probs": 0.8465098142623901, "boxs": [1027.353759765625, 531.3694458007812, 1083.4683837890625, 714.9134521484375]}
{"label": "person", "probs": 0.813592255115509, "boxs": [990.9083251953125, 523.2977294921875, 1040.9312744140625, 710.7760620117188]}
{"label": "car_(automobile)", "probs": 0.7916657328605652, "boxs": [1360.6270751953125, 578.102783203125, 1400.5113525390625, 626.1934204101562]}
{"label": "awning", "probs": 0.7865743637084961, "boxs": [1023.7049560546875, 409.1839904785156, 1213.4263916015625, 457.04046630859375]}
{"label": "person", "probs": 0.7838927507400513, "boxs": [776.2442626953125, 413.6343994140625, 889.7489624023438, 878.27294921875]}
{"label": "sandal_(type_of_shoe)", "probs": 0.7808426022529602, "boxs": [777.9825439453125, 980.8351440429688, 826.99560546875, 1031.8489990234375]}
{"label": "short_pants", "probs": 0.7595011591911316, "boxs": [645.9202880859375, 718.7438354492188, 813.9638061523438, 882.2989501953125]}
{"label": "person", "probs": 0.7383455634117126, "boxs": [985.9268798828125, 534.8155517578125, 1011.7860717773438, 706.4107666015625]}
{"label": "car_(automobile)", "probs": 0.7212081551551819, "boxs": [1269.413330078125, 584.3663330078125, 1304.34521484375, 628.0557250976562]}
{"label": "motorcycle", "probs": 0.7169555425643921, "boxs": [1433.80322265625, 707.7647094726562, 1919.5604248046875, 1078.2091064453125]}
{"label": "poster", "probs": 0.7159799337387085, "boxs": [924.3323364257812, 457.9264831542969, 1007.964111328125, 508.80426025390625]}
{"label": "sandal_(type_of_shoe)", "probs": 0.7151548862457275, "boxs": [586.9129028320312, 1038.0660400390625, 672.7339477539062, 1078.8441162109375]}
{"label": "car_(automobile)", "probs": 0.7113246321678162, "boxs": [1296.55615234375, 577.2764282226562, 1338.266845703125, 623.4122314453125]}
{"label": "telephone_pole", "probs": 0.694552481174469, "boxs": [1213.939208984375, 0.12818847596645355, 1274.34765625, 780.6406860351562]}
{"label": "short_pants", "probs": 0.6759980320930481, "boxs": [0.2396003007888794, 616.6299438476562, 64.95329284667969, 657.8567504882812]}
{"label": "train_(railroad_vehicle)", "probs": 0.6601552367210388, "boxs": [1405.5345458984375, 0.0, 1920.0, 1066.096923828125]}
{"label": "poster", "probs": 0.656920313835144, "boxs": [869.0857543945312, 316.1080627441406, 897.8372192382812, 430.88836669921875]}
{"label": "banner", "probs": 0.6299169063568115, "boxs": [1512.707763671875, 677.3370361328125, 1916.88623046875, 946.457763671875]}
{"label": "baseball_cap", "probs": 0.616261899471283, "boxs": [0.46944642066955566, 376.6531677246094, 41.076904296875, 402.4282531738281]}
{"label": "awning", "probs": 0.6084877848625183, "boxs": [0.008197850547730923, 288.7586975097656, 110.52989959716797, 363.78192138671875]}
{"label": "cone", "probs": 0.598996102809906, "boxs": [1279.2198486328125, 630.8550415039062, 1295.4552001953125, 662.9680786132812]}
{"label": "person", "probs": 0.5959588289260864, "boxs": [1077.26220703125, 576.2378540039062, 1143.1256103515625, 694.09814453125]}
{"label": "taillight", "probs": 0.593424379825592, "boxs": [1452.0830078125, 661.5099487304688, 1499.0093994140625, 682.8084106445312]}
{"label": "signboard", "probs": 0.5919329524040222, "boxs": [1144.4423828125, 340.07305908203125, 1210.254638671875, 387.43310546875]}
{"label": "rearview_mirror", "probs": 0.5743993520736694, "boxs": [1360.7486572265625, 722.4688720703125, 1403.65673828125, 788.2863159179688]}
{"label": "person", "probs": 0.5730739831924438, "boxs": [911.9198608398438, 540.7006225585938, 931.3048095703125, 556.9004516601562]}
{"label": "poster", "probs": 0.5710874795913696, "boxs": [925.3460693359375, 355.6455383300781, 1008.6272583007812, 406.74237060546875]}
{"label": "jersey", "probs": 0.5601292848587036, "boxs": [825.6890258789062, 481.3548583984375, 889.2510986328125, 579.4625244140625]}
{"label": "bicycle", "probs": 0.5590240359306335, "boxs": [100.2933349609375, 554.158447265625, 164.86404418945312, 636.1744995117188]}
{"label": "sandal_(type_of_shoe)", "probs": 0.549952507019043, "boxs": [829.7144165039062, 841.6566772460938, 868.6373291015625, 882.9729614257812]}
{"label": "signboard", "probs": 0.5455441474914551, "boxs": [1138.1357421875, 498.0033874511719, 1183.80029296875, 532.5101928710938]}
{"label": "microphone", "probs": 0.543897807598114, "boxs": [822.7534790039062, 239.46975708007812, 854.2161865234375, 262.6940612792969]}
{"label": "jersey", "probs": 0.5407623648643494, "boxs": [3.947863817214966, 422.6357421875, 86.33720397949219, 611.4976806640625]}
{"label": "backpack", "probs": 0.5371181964874268, "boxs": [637.3359985351562, 524.3016967773438, 689.1392822265625, 611.1226196289062]}
{"label": "apron", "probs": 0.5329979658126831, "boxs": [672.01220703125, 447.59796142578125, 804.7762451171875, 739.7599487304688]}
{"label": "shower_cap", "probs": 0.5302335619926453, "boxs": [647.9238891601562, 409.7617492675781, 694.0690307617188, 458.87591552734375]}
{"label": "jean", "probs": 0.5298932790756226, "boxs": [1000.4449462890625, 614.9042358398438, 1035.2147216796875, 699.5440673828125]}
{"label": "truck", "probs": 0.5297657251358032, "boxs": [1405.800537109375, 2.476362466812134, 1919.134521484375, 1049.281005859375]}
{"label": "car_(automobile)", "probs": 0.5275321006774902, "boxs": [1384.6796875, 583.9474487304688, 1403.4171142578125, 629.4977416992188]}
{"label": "crossbar", "probs": 0.5246344208717346, "boxs": [0.11063526570796967, 842.5110473632812, 59.726436614990234, 884.1845703125]}
{"label": "bridal_gown", "probs": 0.5197692513465881, "boxs": [552.6505737304688, 463.88726806640625, 692.8675537109375, 1077.3363037109375]}
{"label": "person", "probs": 0.513799250125885, "boxs": [1329.928955078125, 582.3544921875, 1354.4307861328125, 622.839599609375]}
{"label": "signboard", "probs": 0.5084652304649353, "boxs": [577.9747314453125, 362.5720520019531, 652.0679931640625, 420.8543395996094]}
{"label": "mailbox_(at_home)", "probs": 0.5076584219932556, "boxs": [1139.3272705078125, 559.8487548828125, 1219.357421875, 713.5926513671875]}
{"label": "tag", "probs": 0.5055668950080872, "boxs": [287.133544921875, 458.3404846191406, 319.1492004394531, 489.03436279296875]}
{"label": "jean", "probs": 0.5036222338676453, "boxs": [1027.4495849609375, 622.2054443359375, 1065.2861328125, 689.6256713867188]}
{"label": "person", "probs": 0.5017351508140564, "boxs": [1152.31689453125, 532.9127807617188, 1184.1656494140625, 558.3343505859375]}
