{"label": "person", "probs": 0.9546700119972229, "boxs": [452.5963134765625, 261.8667297363281, 768.2396850585938, 1075.658935546875]}
{"label": "person", "probs": 0.8830499053001404, "boxs": [1054.04345703125, 522.9266357421875, 1125.1976318359375, 731.7520751953125]}
{"label": "car_(automobile)", "probs": 0.8630115985870361, "boxs": [1793.7281494140625, 572.3324584960938, 1920.0, 673.9683837890625]}
{"label": "car_(automobile)", "probs": 0.8607600927352905, "boxs": [1476.2838134765625, 564.6517333984375, 1536.0196533203125, 645.9298706054688]}
{"label": "person", "probs": 0.8463966250419617, "boxs": [1.0195664167404175, 151.5859375, 266.8269348144531, 1065.7705078125]}
{"label": "handbag", "probs": 0.8296052813529968, "boxs": [513.0724487304688, 416.3561096191406, 702.3922119140625, 660.615234375]}
{"label": "person", "probs": 0.8127513527870178, "boxs": [1011.0248413085938, 527.9481811523438, 1062.4735107421875, 715.7759399414062]}
{"label": "motorcycle", "probs": 0.7878046631813049, "boxs": [1817.1295166015625, 828.3978271484375, 1919.3209228515625, 1078.86572265625]}
{"label": "truck", "probs": 0.747812032699585, "boxs": [1507.831787109375, 405.6622314453125, 1920.0, 1074.23095703125]}
{"label": "car_(automobile)", "probs": 0.7342666387557983, "boxs": [1449.8621826171875, 578.7398071289062, 1489.79541015625, 632.7340087890625]}
{"label": "person", "probs": 0.7273906469345093, "boxs": [1141.276611328125, 591.9642333984375, 1196.792724609375, 677.738037109375]}
{"label": "person", "probs": 0.7004768252372742, "boxs": [775.6704711914062, 463.77294921875, 831.257080078125, 514.7435302734375]}
{"label": "poster", "probs": 0.695080041885376, "boxs": [949.88623046875, 452.4605712890625, 1037.34521484375, 503.80010986328125]}
{"label": "telephone_pole", "probs": 0.6733576655387878, "boxs": [1273.0748291015625, 0.0, 1349.373779296875, 819.4885864257812]}
{"label": "poster", "probs": 0.6660631895065308, "boxs": [261.5881652832031, 456.87371826171875, 294.68023681640625, 597.0325317382812]}
{"label": "belt", "probs": 0.665398120880127, "boxs": [0.6194047331809998, 444.955322265625, 97.8949203491211, 530.3132934570312]}
{"label": "car_(automobile)", "probs": 0.6639382243156433, "boxs": [1343.1793212890625, 580.9419555664062, 1380.4659423828125, 618.386962890625]}
{"label": "person", "probs": 0.6596994996070862, "boxs": [1377.6922607421875, 576.7276000976562, 1399.0234375, 618.2288818359375]}
{"label": "person", "probs": 0.6552579402923584, "boxs": [1412.991943359375, 575.8579711914062, 1455.0733642578125, 649.62939453125]}
{"label": "poster", "probs": 0.6514161825180054, "boxs": [950.0999755859375, 343.21673583984375, 1038.62255859375, 395.1615905761719]}
{"label": "person", "probs": 0.6358404159545898, "boxs": [1581.8095703125, 555.7582397460938, 1787.630859375, 670.4139404296875]}
{"label": "mask", "probs": 0.6342682242393494, "boxs": [511.5981140136719, 360.8355407714844, 595.63525390625, 415.0426330566406]}
{"label": "motorcycle", "probs": 0.6286293864250183, "boxs": [1414.87548828125, 585.5571899414062, 1455.8905029296875, 649.3743896484375]}
{"label": "short_pants", "probs": 0.6152928471565247, "boxs": [0.4053320288658142, 963.3387451171875, 199.11219787597656, 1079.143310546875]}
{"label": "awning", "probs": 0.6041492223739624, "boxs": [1053.8829345703125, 387.6417541503906, 1267.648193359375, 440.1931457519531]}
{"label": "camera", "probs": 0.5951670408248901, "boxs": [1036.515380859375, 548.4461059570312, 1060.644775390625, 572.8796997070312]}
{"label": "signboard", "probs": 0.5938248038291931, "boxs": [1178.617919921875, 326.38299560546875, 1247.81884765625, 375.55078125]}
{"label": "person", "probs": 0.5931211113929749, "boxs": [1110.060546875, 609.3588256835938, 1160.388427734375, 705.0130004882812]}
{"label": "signboard", "probs": 0.5705201029777527, "boxs": [917.3947143554688, 260.3029479980469, 1055.5284423828125, 341.6586608886719]}
{"label": "bird", "probs": 0.5703191161155701, "boxs": [838.4906005859375, 218.42262268066406, 871.7843627929688, 243.6508331298828]}
{"label": "person", "probs": 0.5687488317489624, "boxs": [1153.5216064453125, 534.4329833984375, 1186.4111328125, 631.1107177734375]}
{"label": "car_(automobile)", "probs": 0.5622453689575195, "boxs": [1770.4735107421875, 557.3009643554688, 1846.2305908203125, 621.3652954101562]}
{"label": "taillight", "probs": 0.5589727163314819, "boxs": [1646.87255859375, 866.4459228515625, 1693.1322021484375, 912.7442626953125]}
{"label": "box", "probs": 0.5567476153373718, "boxs": [1653.406982421875, 647.1522216796875, 1777.19384765625, 670.0667114257812]}
{"label": "wheel", "probs": 0.5551632046699524, "boxs": [1529.0594482421875, 861.3082885742188, 1592.5263671875, 1073.3936767578125]}
{"label": "sandal_(type_of_shoe)", "probs": 0.5538166165351868, "boxs": [1059.056396484375, 716.0010986328125, 1079.64306640625, 730.2311401367188]}
{"label": "poster", "probs": 0.5524901151657104, "boxs": [1209.322998046875, 210.53506469726562, 1236.7467041015625, 239.94009399414062]}
{"label": "signboard", "probs": 0.5478360056877136, "boxs": [1175.8448486328125, 491.38494873046875, 1223.388916015625, 527.3492431640625]}
{"label": "handbag", "probs": 0.5451759696006775, "boxs": [1016.323486328125, 555.420654296875, 1043.0526123046875, 611.9357299804688]}
{"label": "balloon", "probs": 0.5439487099647522, "boxs": [385.6112976074219, 657.5968627929688, 499.043701171875, 845.6577758789062]}
{"label": "wheel", "probs": 0.5364876985549927, "boxs": [587.171142578125, 947.3150024414062, 639.1781616210938, 1070.5831298828125]}
{"label": "car_(automobile)", "probs": 0.5335895419120789, "boxs": [1839.806640625, 546.7645263671875, 1920.0, 613.8964233398438]}
{"label": "sandal_(type_of_shoe)", "probs": 0.52489173412323, "boxs": [1083.9847412109375, 720.0678100585938, 1110.717041015625, 729.3925170898438]}
{"label": "jean", "probs": 0.5170273184776306, "boxs": [1014.8076171875, 592.330078125, 1052.42236328125, 710.5393676757812]}
{"label": "wheel", "probs": 0.5136838555335999, "boxs": [1805.01416015625, 649.2014770507812, 1828.12109375, 672.0458374023438]}
{"label": "boom_microphone", "probs": 0.509488046169281, "boxs": [912.5635986328125, 282.30535888671875, 941.1337890625, 302.1933288574219]}
{"label": "person", "probs": 0.5075598955154419, "boxs": [1409.9130859375, 569.6915893554688, 1445.11083984375, 620.4390869140625]}
{"label": "poster", "probs": 0.5049144625663757, "boxs": [891.4302368164062, 313.03863525390625, 920.9827880859375, 425.54058837890625]}
{"label": "person", "probs": 0.5020697116851807, "boxs": [1138.1407470703125, 566.6217651367188, 1159.528564453125, 614.41650390625]}
