{"label": "person", "probs": 0.9524109363555908, "boxs": [104.15056610107422, 90.31851959228516, 587.2974243164062, 1072.06396484375]}
{"label": "car_(automobile)", "probs": 0.9264072775840759, "boxs": [1491.647705078125, 562.510986328125, 1586.260009765625, 645.9500732421875]}
{"label": "person", "probs": 0.8994662761688232, "boxs": [1060.8245849609375, 517.5819091796875, 1133.5877685546875, 738.020263671875]}
{"label": "person", "probs": 0.8787022829055786, "boxs": [1021.53662109375, 523.3671875, 1064.557861328125, 718.7603149414062]}
{"label": "truck", "probs": 0.8201276659965515, "boxs": [1560.3829345703125, 378.3957824707031, 1920.0, 1075.699462890625]}
{"label": "car_(automobile)", "probs": 0.7963523268699646, "boxs": [1468.97705078125, 576.4410400390625, 1509.7646484375, 630.992919921875]}
{"label": "car_(automobile)", "probs": 0.7918579578399658, "boxs": [1841.2373046875, 571.49853515625, 1919.6929931640625, 676.0938110351562]}
{"label": "person", "probs": 0.7878934144973755, "boxs": [755.8655395507812, 441.02154541015625, 812.3256225585938, 496.27398681640625]}
{"label": "handbag", "probs": 0.779624342918396, "boxs": [212.3963165283203, 329.7183837890625, 511.133056640625, 692.2259521484375]}
{"label": "person", "probs": 0.7543091773986816, "boxs": [1157.503662109375, 589.4854736328125, 1214.22802734375, 676.0317993164062]}
{"label": "person", "probs": 0.7517356872558594, "boxs": [856.1600952148438, 509.06964111328125, 883.2297973632812, 531.9978637695312]}
{"label": "person", "probs": 0.7419383525848389, "boxs": [1123.086669921875, 607.9802856445312, 1203.9384765625, 707.6656494140625]}
{"label": "person", "probs": 0.7415215969085693, "boxs": [921.5852661132812, 514.1170043945312, 976.2216796875, 723.2976684570312]}
{"label": "awning", "probs": 0.7128517031669617, "boxs": [1064.7044677734375, 376.182861328125, 1287.7176513671875, 433.49688720703125]}
{"label": "poster", "probs": 0.6942921280860901, "boxs": [956.7060546875, 447.94268798828125, 1047.7041015625, 500.4828186035156]}
{"label": "sandal_(type_of_shoe)", "probs": 0.6843300461769104, "boxs": [1067.7559814453125, 723.2197265625, 1090.5826416015625, 735.4080200195312]}
{"label": "microphone", "probs": 0.6797795295715332, "boxs": [844.1162109375, 208.18006896972656, 877.501220703125, 233.4329833984375]}
{"label": "telephone_pole", "probs": 0.6776024699211121, "boxs": [1298.674560546875, 0.0, 1375.356689453125, 833.80908203125]}
{"label": "bandage", "probs": 0.6630578637123108, "boxs": [204.95957946777344, 258.78399658203125, 314.5538024902344, 335.26800537109375]}
{"label": "motorcycle", "probs": 0.6581876277923584, "boxs": [1422.04248046875, 590.666259765625, 1459.193603515625, 645.5994873046875]}
{"label": "taillight", "probs": 0.6454262733459473, "boxs": [1835.702392578125, 628.2001342773438, 1877.2149658203125, 652.4945678710938]}
{"label": "person", "probs": 0.6404681205749512, "boxs": [921.1751708984375, 511.51287841796875, 951.4406127929688, 545.437744140625]}
{"label": "car_(automobile)", "probs": 0.6346225142478943, "boxs": [1447.2506103515625, 574.4091186523438, 1493.1177978515625, 620.5128173828125]}
{"label": "signboard", "probs": 0.6300331950187683, "boxs": [1194.83154296875, 323.5526123046875, 1262.273193359375, 370.26580810546875]}
{"label": "sandal_(type_of_shoe)", "probs": 0.6299482583999634, "boxs": [1094.8848876953125, 723.4037475585938, 1121.80615234375, 733.5941772460938]}
{"label": "person", "probs": 0.625177264213562, "boxs": [1392.96044921875, 577.545654296875, 1415.24169921875, 617.37451171875]}
{"label": "signboard", "probs": 0.6037980318069458, "boxs": [924.2049560546875, 254.66441345214844, 1066.817626953125, 336.0875244140625]}
{"label": "poster", "probs": 0.5985881090164185, "boxs": [958.7030029296875, 338.2578430175781, 1048.0911865234375, 390.69659423828125]}
{"label": "person", "probs": 0.5932157039642334, "boxs": [1421.716064453125, 571.1441650390625, 1456.8101806640625, 629.3256225585938]}
{"label": "car_(automobile)", "probs": 0.5755999684333801, "boxs": [1845.7110595703125, 551.7731323242188, 1920.0, 609.3251342773438]}
{"label": "license_plate", "probs": 0.5717018246650696, "boxs": [1847.1513671875, 902.1644287109375, 1918.5919189453125, 945.0816040039062]}
{"label": "wheel", "probs": 0.5683978796005249, "boxs": [1595.9093017578125, 899.3777465820312, 1679.90234375, 1078.8837890625]}
{"label": "person", "probs": 0.5670446753501892, "boxs": [1165.9422607421875, 531.5094604492188, 1198.5335693359375, 603.8311767578125]}
{"label": "spotlight", "probs": 0.5664855241775513, "boxs": [725.4716796875, 275.74505615234375, 766.3949584960938, 290.7232971191406]}
{"label": "street_sign", "probs": 0.5649859309196472, "boxs": [1626.4840087890625, 469.0309753417969, 1659.222412109375, 491.49493408203125]}
{"label": "taillight", "probs": 0.5529682636260986, "boxs": [1576.185546875, 587.0643920898438, 1586.0078125, 593.280029296875]}
{"label": "jean", "probs": 0.5424386262893677, "boxs": [1022.5116577148438, 595.0673828125, 1058.990234375, 713.2776489257812]}
{"label": "taillight", "probs": 0.5379987359046936, "boxs": [1749.546875, 906.6227416992188, 1805.9024658203125, 958.9241943359375]}
{"label": "postbox_(public)", "probs": 0.5282379984855652, "boxs": [1209.8370361328125, 543.3845825195312, 1316.14697265625, 750.4395141601562]}
{"label": "shoe", "probs": 0.5229848027229309, "boxs": [1191.6590576171875, 665.3758544921875, 1216.4522705078125, 675.4050903320312]}
{"label": "earring", "probs": 0.5114284157752991, "boxs": [329.93212890625, 244.79290771484375, 347.3937683105469, 257.306640625]}
{"label": "signboard", "probs": 0.5003332495689392, "boxs": [1057.12548828125, 441.615966796875, 1092.508544921875, 489.0876159667969]}
