{"label": "person", "probs": 0.8896201252937317, "boxs": [147.96002197265625, 468.2179870605469, 193.1337432861328, 569.4385375976562]}
{"label": "person", "probs": 0.7979816198348999, "boxs": [72.68065643310547, 475.5359802246094, 91.57971954345703, 528.2750244140625]}
{"label": "car_(automobile)", "probs": 0.7087263464927673, "boxs": [23.26616096496582, 477.60107421875, 45.498741149902344, 489.6968994140625]}
{"label": "pole", "probs": 0.6160945892333984, "boxs": [483.2046813964844, 472.5050048828125, 487.2502746582031, 482.3506774902344]}
{"label": "trousers", "probs": 0.5990744233131409, "boxs": [154.6345672607422, 520.5533447265625, 184.8966827392578, 565.1265258789062]}
{"label": "manhole", "probs": 0.5462051033973694, "boxs": [124.83451080322266, 587.3165893554688, 191.28759765625, 605.1792602539062]}
{"label": "jacket", "probs": 0.5452134013175964, "boxs": [148.83111572265625, 469.85870361328125, 192.8639373779297, 521.8795166015625]}
