{"label": "person", "probs": 0.9088941812515259, "boxs": [136.49746704101562, 438.8326721191406, 180.02969360351562, 550.1929931640625]}
{"label": "person", "probs": 0.7788772583007812, "boxs": [62.53194046020508, 452.73504638671875, 75.16549682617188, 506.5994567871094]}
{"label": "manhole", "probs": 0.6632740497589111, "boxs": [113.09740447998047, 572.162109375, 182.2489013671875, 592.22119140625]}
{"label": "car_(automobile)", "probs": 0.5987787842750549, "boxs": [86.66226959228516, 464.19390869140625, 112.44667053222656, 477.91796875]}
{"label": "trousers", "probs": 0.5826312303543091, "boxs": [145.0299835205078, 499.6084899902344, 171.78660583496094, 539.2057495117188]}
{"label": "shoe", "probs": 0.5196951627731323, "boxs": [157.73135375976562, 537.9939575195312, 166.70626831054688, 544.394775390625]}
