{"label": "person", "probs": 0.9407233595848083, "boxs": [115.44766235351562, 425.3028259277344, 164.33224487304688, 529.6478271484375]}
{"label": "manhole", "probs": 0.6611278653144836, "boxs": [91.81743621826172, 560.625244140625, 168.9163055419922, 586.1788940429688]}
{"label": "trousers", "probs": 0.6039239168167114, "boxs": [125.36776733398438, 477.3397216796875, 156.89654541015625, 522.650146484375]}
{"label": "backpack", "probs": 0.5389213562011719, "boxs": [129.9288330078125, 449.189697265625, 154.79461669921875, 468.50128173828125]}
{"label": "backpack", "probs": 0.5367777943611145, "boxs": [124.05500793457031, 438.8154296875, 157.94862365722656, 469.2449951171875]}
{"label": "shoe", "probs": 0.5012018084526062, "boxs": [139.41001892089844, 521.7117919921875, 148.81336975097656, 529.1650390625]}
