{"label": "person", "probs": 0.8937471508979797, "boxs": [102.87310791015625, 433.2248229980469, 152.4954833984375, 536.77197265625]}
{"label": "manhole", "probs": 0.6817393898963928, "boxs": [77.79370880126953, 572.1666870117188, 161.9224853515625, 602.1716918945312]}
{"label": "person", "probs": 0.6770780086517334, "boxs": [38.37529373168945, 438.8299865722656, 51.37001037597656, 494.9949951171875]}
{"label": "trousers", "probs": 0.6209354996681213, "boxs": [115.04962158203125, 485.9759521484375, 143.59059143066406, 523.6341552734375]}
{"label": "shoe", "probs": 0.5843850374221802, "boxs": [128.24716186523438, 523.5549926757812, 137.69725036621094, 536.1785278320312]}
{"label": "shoe", "probs": 0.5770209431648254, "boxs": [121.34343719482422, 523.454833984375, 131.4121551513672, 535.5806274414062]}
{"label": "backpack", "probs": 0.5543100833892822, "boxs": [110.05210876464844, 453.1683654785156, 141.77545166015625, 476.8692626953125]}
