{"label": "person", "probs": 0.9251741170883179, "boxs": [169.99713134765625, 481.6920166015625, 212.25486755371094, 584.6280517578125]}
{"label": "person", "probs": 0.8428810834884644, "boxs": [105.43199157714844, 492.4981689453125, 124.85050201416016, 547.6976928710938]}
{"label": "manhole", "probs": 0.7037166953086853, "boxs": [135.2834930419922, 635.1380615234375, 225.02944946289062, 668.78955078125]}
{"label": "car_(automobile)", "probs": 0.6075223088264465, "boxs": [0.06611558794975281, 497.817626953125, 14.051471710205078, 515.0574951171875]}
{"label": "trousers", "probs": 0.5924922823905945, "boxs": [177.8013916015625, 534.866943359375, 204.40188598632812, 571.8209228515625]}
{"label": "car_(automobile)", "probs": 0.5535926818847656, "boxs": [88.34471130371094, 494.8434143066406, 96.296875, 503.8263244628906]}
{"label": "shirt", "probs": 0.5236374139785767, "boxs": [172.48367309570312, 486.0295104980469, 212.4488983154297, 535.8578491210938]}
