{"label": "person", "probs": 0.9170241951942444, "boxs": [0.07612805813550949, 417.8541259765625, 64.22618865966797, 649.9189453125]}
{"label": "person", "probs": 0.9109825491905212, "boxs": [223.8561248779297, 470.43463134765625, 267.70257568359375, 567.3056640625]}
{"label": "person", "probs": 0.838016152381897, "boxs": [161.9320831298828, 477.8420104980469, 179.74057006835938, 523.8352661132812]}
{"label": "backpack", "probs": 0.7503626346588135, "boxs": [0.0, 464.55419921875, 47.98849868774414, 541.8009643554688]}
{"label": "manhole", "probs": 0.7502285838127136, "boxs": [187.794189453125, 630.8765258789062, 281.7049560546875, 664.40966796875]}
{"label": "car_(automobile)", "probs": 0.7397997379302979, "boxs": [50.997074127197266, 473.37213134765625, 88.90824890136719, 495.1894836425781]}
{"label": "trousers", "probs": 0.6508323550224304, "boxs": [230.05120849609375, 520.7147216796875, 261.2545471191406, 558.126708984375]}
{"label": "boot", "probs": 0.5072407126426697, "boxs": [23.907299041748047, 591.950439453125, 44.27318572998047, 638.4662475585938]}
