{"label": "person", "probs": 0.9219300746917725, "boxs": [209.0092315673828, 463.47247314453125, 256.371826171875, 564.5657348632812]}
{"label": "person", "probs": 0.9052402377128601, "boxs": [148.9908905029297, 469.59210205078125, 168.558349609375, 517.4385375976562]}
{"label": "person", "probs": 0.8945743441581726, "boxs": [0.11263225227594376, 414.95452880859375, 63.6442985534668, 657.2012329101562]}
{"label": "manhole", "probs": 0.7697284817695618, "boxs": [178.54266357421875, 640.106201171875, 285.1811218261719, 682.583984375]}
{"label": "car_(automobile)", "probs": 0.7050519585609436, "boxs": [50.503509521484375, 464.5394592285156, 73.82386779785156, 486.6531677246094]}
{"label": "backpack", "probs": 0.6852908134460449, "boxs": [218.2821502685547, 472.52838134765625, 252.88201904296875, 511.0290222167969]}
{"label": "car_(automobile)", "probs": 0.6073803305625916, "boxs": [117.23943328857422, 471.17144775390625, 135.16830444335938, 489.163818359375]}
{"label": "trousers", "probs": 0.6007203459739685, "boxs": [222.1127166748047, 512.5842895507812, 249.9182891845703, 559.7846069335938]}
{"label": "shoe", "probs": 0.5296614766120911, "boxs": [235.73153686523438, 556.076904296875, 245.059814453125, 563.274169921875]}
