{"label": "person", "probs": 0.8910179734230042, "boxs": [203.1772003173828, 470.3154602050781, 245.70855712890625, 567.3726196289062]}
{"label": "person", "probs": 0.8771535754203796, "boxs": [143.08302307128906, 477.9282531738281, 162.04457092285156, 527.397216796875]}
{"label": "person", "probs": 0.8598191738128662, "boxs": [0.0, 423.4693908691406, 52.22992706298828, 635.8491821289062]}
{"label": "manhole", "probs": 0.7453618049621582, "boxs": [166.71234130859375, 661.8299560546875, 291.2276611328125, 718.349365234375]}
{"label": "trousers", "probs": 0.6150699853897095, "boxs": [211.29232788085938, 518.6441040039062, 240.217041015625, 556.4390258789062]}
{"label": "wheel", "probs": 0.6004404425621033, "boxs": [194.42645263671875, 536.1759033203125, 199.4277801513672, 541.5568237304688]}
{"label": "car_(automobile)", "probs": 0.5782373547554016, "boxs": [48.2822265625, 481.7493591308594, 79.36055755615234, 494.9496154785156]}
{"label": "umbrella", "probs": 0.567983865737915, "boxs": [207.53030395507812, 470.08319091796875, 246.82579040527344, 500.2132873535156]}
{"label": "shoe", "probs": 0.5451330542564392, "boxs": [227.4794921875, 549.6841430664062, 236.2467041015625, 564.8925170898438]}
