{"label": "person", "probs": 0.9220641851425171, "boxs": [0.004334547091275454, 433.2750549316406, 53.836116790771484, 657.5396728515625]}
{"label": "person", "probs": 0.9127459526062012, "boxs": [199.6884765625, 476.85302734375, 244.0603790283203, 576.1224365234375]}
{"label": "person", "probs": 0.8573024272918701, "boxs": [142.72129821777344, 484.5684509277344, 159.87782287597656, 530.9981079101562]}
{"label": "backpack", "probs": 0.7624145150184631, "boxs": [0.0, 478.2457275390625, 40.4545783996582, 555.712890625]}
{"label": "manhole", "probs": 0.7513284087181091, "boxs": [150.6425323486328, 696.4022216796875, 300.0974426269531, 775.1094970703125]}
{"label": "trousers", "probs": 0.6127327680587769, "boxs": [207.46011352539062, 528.8896484375, 232.5651092529297, 568.8673095703125]}
{"label": "backpack", "probs": 0.6105794310569763, "boxs": [204.5684356689453, 492.7672424316406, 236.57540893554688, 520.5955200195312]}
{"label": "person", "probs": 0.5715809464454651, "boxs": [94.70401763916016, 490.1333312988281, 103.8746337890625, 504.2301025390625]}
{"label": "person", "probs": 0.570044994354248, "boxs": [52.52347946166992, 484.9590148925781, 74.00471496582031, 534.3756713867188]}
{"label": "trousers", "probs": 0.5555276870727539, "boxs": [0.01003514975309372, 552.0345458984375, 35.921173095703125, 643.607177734375]}
{"label": "shoe", "probs": 0.5357799530029297, "boxs": [4.69927978515625, 641.328125, 21.588848114013672, 658.2243041992188]}
