{"label": "person", "probs": 0.9190061688423157, "boxs": [1321.0145263671875, 621.1483764648438, 1360.681396484375, 755.3361206054688]}
{"label": "bicycle", "probs": 0.9162706136703491, "boxs": [136.09945678710938, 651.9102172851562, 392.3638000488281, 1073.998779296875]}
{"label": "awning", "probs": 0.898479700088501, "boxs": [1274.6072998046875, 510.3211975097656, 1395.67626953125, 604.6997680664062]}
{"label": "bicycle", "probs": 0.8971592783927917, "boxs": [368.62322998046875, 651.6024780273438, 622.819091796875, 1071.9815673828125]}
{"label": "person", "probs": 0.8867595791816711, "boxs": [975.6821899414062, 642.0654907226562, 1016.479248046875, 743.2680053710938]}
{"label": "bicycle", "probs": 0.8864722847938538, "boxs": [270.2123107910156, 648.742919921875, 505.4581604003906, 1069.2652587890625]}
{"label": "person", "probs": 0.8499882817268372, "boxs": [1025.78173828125, 645.6722412109375, 1058.24365234375, 734.2307739257812]}
{"label": "chair", "probs": 0.834969162940979, "boxs": [1513.464111328125, 700.4872436523438, 1587.5635986328125, 800.7084350585938]}
{"label": "person", "probs": 0.8165011405944824, "boxs": [1180.4681396484375, 638.4798583984375, 1209.77978515625, 739.5755615234375]}
{"label": "motorcycle", "probs": 0.7887740135192871, "boxs": [619.3377075195312, 626.7251586914062, 734.9620361328125, 850.0403442382812]}
{"label": "person", "probs": 0.7553339600563049, "boxs": [807.3262329101562, 636.868408203125, 840.2611083984375, 696.31884765625]}
{"label": "person", "probs": 0.7393240332603455, "boxs": [1213.62939453125, 633.8539428710938, 1249.948974609375, 743.14697265625]}
{"label": "bicycle", "probs": 0.7384963631629944, "boxs": [1055.2596435546875, 674.712158203125, 1100.1566162109375, 718.7421264648438]}
{"label": "street_sign", "probs": 0.7262340188026428, "boxs": [868.982666015625, 501.450927734375, 908.3165283203125, 540.8927001953125]}
{"label": "person", "probs": 0.7045568823814392, "boxs": [775.3255615234375, 642.4247436523438, 804.2648315429688, 695.2890625]}
{"label": "bicycle", "probs": 0.6926594376564026, "boxs": [1094.3541259765625, 673.7807006835938, 1125.199951171875, 718.2291259765625]}
{"label": "signboard", "probs": 0.6858911514282227, "boxs": [1504.6171875, 279.1298522949219, 1621.6143798828125, 384.15692138671875]}
{"label": "street_sign", "probs": 0.6857538819313049, "boxs": [874.8466186523438, 559.3126831054688, 902.5847778320312, 598.1526489257812]}
{"label": "signboard", "probs": 0.6819231510162354, "boxs": [429.36260986328125, 58.46146774291992, 654.275634765625, 216.1095428466797]}
{"label": "trash_can", "probs": 0.6728202700614929, "boxs": [1127.063232421875, 710.9072265625, 1146.4444580078125, 753.9300537109375]}
{"label": "street_sign", "probs": 0.6702831387519836, "boxs": [739.8801879882812, 443.3571472167969, 788.1041259765625, 474.30010986328125]}
{"label": "street_sign", "probs": 0.6588915586471558, "boxs": [736.7598876953125, 359.6235046386719, 789.3546752929688, 439.45770263671875]}
{"label": "street_sign", "probs": 0.6411879062652588, "boxs": [869.317626953125, 538.580322265625, 907.5581665039062, 559.699462890625]}
{"label": "street_sign", "probs": 0.6231553554534912, "boxs": [1044.76123046875, 603.92626953125, 1063.990234375, 629.609375]}
{"label": "bicycle", "probs": 0.6194432973861694, "boxs": [933.0263671875, 673.9172973632812, 972.5836791992188, 722.1561889648438]}
{"label": "person", "probs": 0.6189534068107605, "boxs": [1470.6363525390625, 576.9291381835938, 1507.5399169921875, 663.134033203125]}
{"label": "bicycle", "probs": 0.6101821064949036, "boxs": [1243.1883544921875, 675.26025390625, 1264.6904296875, 732.7196655273438]}
{"label": "chair", "probs": 0.6072062849998474, "boxs": [1402.6683349609375, 696.7896728515625, 1456.524658203125, 777.1568603515625]}
{"label": "headlight", "probs": 0.6071617007255554, "boxs": [682.99755859375, 659.07568359375, 707.7404174804688, 684.7334594726562]}
{"label": "wheel", "probs": 0.5988216400146484, "boxs": [370.6521911621094, 822.6441650390625, 510.68157958984375, 1078.0206298828125]}
{"label": "jean", "probs": 0.5986813306808472, "boxs": [984.8232421875, 695.0516357421875, 1007.33154296875, 738.8654174804688]}
{"label": "streetlight", "probs": 0.597416877746582, "boxs": [1098.4940185546875, 16.985023498535156, 1139.9534912109375, 97.13867950439453]}
{"label": "wheel", "probs": 0.5910889506340027, "boxs": [625.369873046875, 778.7109985351562, 680.9716186523438, 851.5153198242188]}
{"label": "chair", "probs": 0.5888286232948303, "boxs": [1446.781005859375, 698.5868530273438, 1511.60107421875, 785.1925659179688]}
{"label": "jean", "probs": 0.5834261178970337, "boxs": [1322.9888916015625, 686.0967407226562, 1351.23095703125, 750.6192016601562]}
{"label": "wheel", "probs": 0.5742122530937195, "boxs": [512.8067626953125, 776.9669799804688, 598.0081787109375, 971.48681640625]}
{"label": "headlight", "probs": 0.5627767443656921, "boxs": [267.5721435546875, 712.4953002929688, 296.0145568847656, 740.0545654296875]}
{"label": "street_sign", "probs": 0.5553345084190369, "boxs": [881.3654174804688, 620.9237060546875, 896.5387573242188, 640.7221069335938]}
{"label": "trash_can", "probs": 0.5389205813407898, "boxs": [776.7431640625, 693.3231201171875, 800.9439086914062, 749.9093627929688]}
{"label": "shoe", "probs": 0.5228225588798523, "boxs": [990.9425659179688, 737.4631958007812, 1004.729736328125, 743.0400390625]}
{"label": "jean", "probs": 0.5209402441978455, "boxs": [1182.4552001953125, 689.2744140625, 1208.2601318359375, 739.2276000976562]}
{"label": "person", "probs": 0.5107332468032837, "boxs": [1767.5947265625, 623.6951904296875, 1792.4085693359375, 681.943115234375]}
{"label": "wheel", "probs": 0.50205397605896, "boxs": [272.5810241699219, 787.25244140625, 418.2538757324219, 1059.5352783203125]}
