{"label": "bicycle", "probs": 0.8919800519943237, "boxs": [195.57815551757812, 651.0104370117188, 538.0902709960938, 1079.456298828125]}
{"label": "awning", "probs": 0.8849862217903137, "boxs": [1288.1749267578125, 500.4033508300781, 1422.8023681640625, 603.6817626953125]}
{"label": "person", "probs": 0.8831049799919128, "boxs": [1339.0826416015625, 619.6401977539062, 1377.534912109375, 761.4854736328125]}
{"label": "person", "probs": 0.8828698992729187, "boxs": [966.77587890625, 641.373779296875, 1004.6953735351562, 745.3134155273438]}
{"label": "bicycle", "probs": 0.8538832664489746, "boxs": [1.6282732486724854, 654.0926513671875, 227.7602081298828, 1078.93359375]}
{"label": "person", "probs": 0.85370934009552, "boxs": [1184.6617431640625, 634.6924438476562, 1215.3297119140625, 743.7988891601562]}
{"label": "person", "probs": 0.8500774502754211, "boxs": [1047.41162109375, 645.7349243164062, 1082.2633056640625, 737.0120849609375]}
{"label": "person", "probs": 0.8339681029319763, "boxs": [1222.92919921875, 631.2116088867188, 1264.4376220703125, 739.6007690429688]}
{"label": "motor_scooter", "probs": 0.7931572198867798, "boxs": [575.4593505859375, 594.5968017578125, 708.8694458007812, 879.903076171875]}
{"label": "chair", "probs": 0.7861695289611816, "boxs": [1564.136474609375, 704.25439453125, 1650.0450439453125, 814.105224609375]}
{"label": "person", "probs": 0.7699300646781921, "boxs": [821.9269409179688, 641.0040893554688, 846.1693725585938, 693.292236328125]}
{"label": "chair", "probs": 0.7217288017272949, "boxs": [1427.04150390625, 700.1200561523438, 1495.723388671875, 788.26416015625]}
{"label": "bicycle", "probs": 0.695475697517395, "boxs": [1072.3671875, 674.8485107421875, 1125.9998779296875, 721.7825317382812]}
{"label": "person", "probs": 0.6926684379577637, "boxs": [1157.087890625, 654.8267822265625, 1180.567626953125, 716.392578125]}
{"label": "street_sign", "probs": 0.6837063431739807, "boxs": [863.500244140625, 493.86956787109375, 902.7003173828125, 534.8387451171875]}
{"label": "signboard", "probs": 0.6819586157798767, "boxs": [1566.277099609375, 242.421142578125, 1687.4586181640625, 357.0006408691406]}
{"label": "street_sign", "probs": 0.6772978901863098, "boxs": [869.8880004882812, 553.0802001953125, 898.6726684570312, 595.4304809570312]}
{"label": "street_sign", "probs": 0.675265908241272, "boxs": [713.3999633789062, 422.9068908691406, 772.4360961914062, 459.20819091796875]}
{"label": "bicycle", "probs": 0.6631778478622437, "boxs": [1017.7654418945312, 670.6005859375, 1050.5423583984375, 714.944580078125]}
{"label": "street_sign", "probs": 0.6611332297325134, "boxs": [324.7301025390625, 0.7830505967140198, 599.2052612304688, 125.2877197265625]}
{"label": "headlight", "probs": 0.6514673233032227, "boxs": [646.410888671875, 657.729248046875, 672.4053955078125, 686.4453125]}
{"label": "bicycle", "probs": 0.6459058523178101, "boxs": [923.3143310546875, 671.6790161132812, 966.1460571289062, 724.4940185546875]}
{"label": "person", "probs": 0.6421468257904053, "boxs": [998.9271850585938, 654.6946411132812, 1021.1427001953125, 728.3123779296875]}
{"label": "person", "probs": 0.6367849707603455, "boxs": [1506.72509765625, 571.7557373046875, 1552.0257568359375, 702.91650390625]}
{"label": "street_sign", "probs": 0.6362820863723755, "boxs": [719.1563720703125, 334.97589111328125, 775.2859497070312, 420.9538269042969]}
{"label": "wheel", "probs": 0.6265581846237183, "boxs": [389.13995361328125, 810.0903930664062, 520.0084228515625, 1064.35546875]}
{"label": "jean", "probs": 0.6249712705612183, "boxs": [1342.553955078125, 688.62255859375, 1371.7109375, 753.9365234375]}
{"label": "street_sign", "probs": 0.6240176558494568, "boxs": [875.4776611328125, 618.7315063476562, 891.4833374023438, 641.5885009765625]}
{"label": "poster", "probs": 0.6157377362251282, "boxs": [1732.946533203125, 426.1651306152344, 1788.08642578125, 642.7816772460938]}
{"label": "streetlight", "probs": 0.6110481023788452, "boxs": [1109.68701171875, 0.23037506639957428, 1156.1024169921875, 65.1648178100586]}
{"label": "headlight", "probs": 0.6102996468544006, "boxs": [49.88016128540039, 729.6474609375, 88.54664611816406, 764.5930786132812]}
{"label": "jean", "probs": 0.6043108105659485, "boxs": [974.037841796875, 696.2958984375, 1002.1451416015625, 743.3718872070312]}
{"label": "trash_can", "probs": 0.600193202495575, "boxs": [1018.2965698242188, 704.6128540039062, 1043.977294921875, 754.74951171875]}
{"label": "trash_can", "probs": 0.5991708636283875, "boxs": [764.8614501953125, 694.1782836914062, 795.7536010742188, 754.4619140625]}
{"label": "wheel", "probs": 0.5943495035171509, "boxs": [200.11448669433594, 882.4855346679688, 362.38726806640625, 1080.0]}
{"label": "flowerpot", "probs": 0.5941875576972961, "boxs": [790.2588500976562, 691.0517578125, 853.393798828125, 742.0393676757812]}
{"label": "wheel", "probs": 0.5878778100013733, "boxs": [580.045166015625, 800.3370971679688, 643.6049194335938, 879.1895751953125]}
{"label": "street_sign", "probs": 0.5787789821624756, "boxs": [862.734375, 533.39794921875, 902.4824829101562, 554.9237670898438]}
{"label": "clock", "probs": 0.5774999260902405, "boxs": [819.7266235351562, 576.1511840820312, 843.2890014648438, 600.1878662109375]}
{"label": "rearview_mirror", "probs": 0.5700990557670593, "boxs": [587.111328125, 597.4423217773438, 609.9031982421875, 621.3687744140625]}
{"label": "street_sign", "probs": 0.5582444667816162, "boxs": [1376.1395263671875, 469.67608642578125, 1433.021484375, 498.58551025390625]}
{"label": "vent", "probs": 0.5331535935401917, "boxs": [469.5860900878906, 119.94677734375, 504.2052917480469, 273.33734130859375]}
{"label": "bicycle", "probs": 0.5306649208068848, "boxs": [1127.2650146484375, 679.6331787109375, 1151.3763427734375, 713.8233642578125]}
{"label": "awning", "probs": 0.528694212436676, "boxs": [722.1318969726562, 547.5607299804688, 749.0106201171875, 569.30029296875]}
{"label": "bicycle", "probs": 0.5275208353996277, "boxs": [843.0804443359375, 672.6713256835938, 878.607666015625, 717.17431640625]}
{"label": "motorcycle", "probs": 0.5230650305747986, "boxs": [576.82470703125, 594.76513671875, 708.9539184570312, 880.0259399414062]}
{"label": "poster", "probs": 0.5159750580787659, "boxs": [22.86612319946289, 504.1049499511719, 82.79182434082031, 650.2323608398438]}
{"label": "trash_can", "probs": 0.507152259349823, "boxs": [1133.3447265625, 714.7102661132812, 1155.8450927734375, 758.5779418945312]}
