{"label": "bicycle", "probs": 0.9241132736206055, "boxs": [72.36468505859375, 638.4781494140625, 469.7026062011719, 1078.94482421875]}
{"label": "person", "probs": 0.893433153629303, "boxs": [959.4669799804688, 638.4132690429688, 995.4302368164062, 747.8075561523438]}
{"label": "awning", "probs": 0.8887445330619812, "boxs": [1290.78076171875, 493.61077880859375, 1429.3382568359375, 600.7057495117188]}
{"label": "person", "probs": 0.8886862993240356, "boxs": [1342.6893310546875, 618.286376953125, 1381.1822509765625, 764.4967041015625]}
{"label": "person", "probs": 0.8643781542778015, "boxs": [1219.41015625, 630.4265747070312, 1254.398681640625, 739.747314453125]}
{"label": "person", "probs": 0.8502117991447449, "boxs": [1052.721923828125, 642.79443359375, 1088.81494140625, 740.0216674804688]}
{"label": "person", "probs": 0.8214365243911743, "boxs": [1180.0750732421875, 633.5029296875, 1215.719482421875, 744.9215698242188]}
{"label": "motor_scooter", "probs": 0.7925739884376526, "boxs": [537.3712158203125, 585.7486572265625, 685.549072265625, 890.9281616210938]}
{"label": "chair", "probs": 0.7623874545097351, "boxs": [1592.937255859375, 703.7059326171875, 1675.9158935546875, 820.7279663085938]}
{"label": "person", "probs": 0.7419640421867371, "boxs": [1005.6909790039062, 655.7047119140625, 1031.0692138671875, 724.3419799804688]}
{"label": "bicycle", "probs": 0.7099749445915222, "boxs": [1082.17333984375, 672.8606567382812, 1123.3973388671875, 720.58740234375]}
{"label": "person", "probs": 0.7047637701034546, "boxs": [1148.5523681640625, 656.699951171875, 1170.1480712890625, 715.4369506835938]}
{"label": "signboard", "probs": 0.6951565742492676, "boxs": [1588.406982421875, 218.0380096435547, 1715.078857421875, 339.723876953125]}
{"label": "chair", "probs": 0.6888773441314697, "boxs": [1436.7646484375, 699.236328125, 1508.35888671875, 787.4591674804688]}
{"label": "headlight", "probs": 0.6866209506988525, "boxs": [612.6187744140625, 652.8092041015625, 642.9618530273438, 685.7752685546875]}
{"label": "person", "probs": 0.6840096712112427, "boxs": [756.70703125, 639.2299194335938, 792.8760375976562, 699.6150512695312]}
{"label": "bicycle", "probs": 0.679429292678833, "boxs": [0.9924343824386597, 640.1980590820312, 243.6246795654297, 1080.0]}
{"label": "street_sign", "probs": 0.6598297357559204, "boxs": [699.736328125, 411.46710205078125, 760.365478515625, 450.9500427246094]}
{"label": "signboard", "probs": 0.6569023728370667, "boxs": [702.4674072265625, 318.13909912109375, 761.8257446289062, 408.51678466796875]}
{"label": "jean", "probs": 0.6552439332008362, "boxs": [1346.0079345703125, 686.8861083984375, 1376.7017822265625, 756.763916015625]}
{"label": "bicycle", "probs": 0.6536818146705627, "boxs": [925.380615234375, 673.6375122070312, 964.6543579101562, 725.2230834960938]}
{"label": "jean", "probs": 0.6488505601882935, "boxs": [968.2286987304688, 694.2426147460938, 992.5949096679688, 741.77978515625]}
{"label": "poster", "probs": 0.6468038558959961, "boxs": [21.324644088745117, 461.8848571777344, 94.41817474365234, 613.1475219726562]}
{"label": "street_sign", "probs": 0.6461678743362427, "boxs": [854.09326171875, 488.05181884765625, 896.7589721679688, 529.5852661132812]}
{"label": "stop_sign", "probs": 0.6292524933815002, "boxs": [1040.687255859375, 601.290283203125, 1060.603271484375, 624.4291381835938]}
{"label": "doormat", "probs": 0.6219702959060669, "boxs": [1640.9344482421875, 850.64892578125, 1919.6148681640625, 913.7396240234375]}
{"label": "wheel", "probs": 0.6217007040977478, "boxs": [540.576416015625, 809.4353637695312, 607.9779052734375, 890.6522216796875]}
{"label": "person", "probs": 0.617153525352478, "boxs": [1520.0009765625, 565.4107666015625, 1572.13525390625, 702.0015869140625]}
{"label": "person", "probs": 0.6153560280799866, "boxs": [827.572021484375, 641.0667114257812, 846.7326049804688, 685.4042358398438]}
{"label": "street_sign", "probs": 0.6130388379096985, "boxs": [860.0211791992188, 549.8881225585938, 891.9371948242188, 592.2994995117188]}
{"label": "mirror", "probs": 0.6096578240394592, "boxs": [550.9056396484375, 589.9404296875, 574.7244873046875, 616.76904296875]}
{"label": "awning", "probs": 0.5970982909202576, "boxs": [690.2487182617188, 520.3370361328125, 736.115966796875, 567.7398681640625]}
{"label": "bicycle", "probs": 0.5860550999641418, "boxs": [1030.0596923828125, 684.3948974609375, 1050.6832275390625, 723.0390014648438]}
{"label": "rearview_mirror", "probs": 0.5848813056945801, "boxs": [664.494384765625, 642.1222534179688, 678.4175415039062, 664.9213256835938]}
{"label": "street_sign", "probs": 0.5830231308937073, "boxs": [869.0786743164062, 617.3394775390625, 883.1675415039062, 639.67724609375]}
{"label": "streetlight", "probs": 0.5807110667228699, "boxs": [1109.614013671875, 0.576397716999054, 1155.8282470703125, 31.803817749023438]}
{"label": "flowerpot", "probs": 0.5676725506782532, "boxs": [779.5213623046875, 691.85400390625, 844.43994140625, 743.0852661132812]}
{"label": "trash_can", "probs": 0.5653162002563477, "boxs": [752.5891723632812, 695.129150390625, 779.2520141601562, 755.3631591796875]}
{"label": "wheel", "probs": 0.5600675940513611, "boxs": [212.37451171875, 823.5025024414062, 446.5896911621094, 1079.947509765625]}
{"label": "trash_can", "probs": 0.5518128275871277, "boxs": [1131.71728515625, 714.7733764648438, 1155.072509765625, 761.252197265625]}
{"label": "bicycle", "probs": 0.5466771125793457, "boxs": [840.5650024414062, 672.8955688476562, 872.27294921875, 719.9138793945312]}
{"label": "chair", "probs": 0.5432149767875671, "boxs": [1500.1988525390625, 701.198486328125, 1584.1019287109375, 800.8355712890625]}
{"label": "street_sign", "probs": 0.5423552989959717, "boxs": [240.64205932617188, 0.65623539686203, 549.1832885742188, 64.92292022705078]}
{"label": "jacket", "probs": 0.5418801307678223, "boxs": [1344.2696533203125, 637.50146484375, 1378.531982421875, 690.66748046875]}
{"label": "poster", "probs": 0.5403572916984558, "boxs": [1773.9593505859375, 412.0287170410156, 1825.8658447265625, 634.107421875]}
{"label": "street_sign", "probs": 0.5326297879219055, "boxs": [854.9381103515625, 528.3367309570312, 897.7427368164062, 551.5867309570312]}
{"label": "jean", "probs": 0.531205952167511, "boxs": [1054.6029052734375, 691.06396484375, 1084.65234375, 733.3982543945312]}
{"label": "vent", "probs": 0.5118317604064941, "boxs": [420.15460205078125, 50.959163665771484, 464.23626708984375, 240.0573272705078]}
{"label": "bicycle", "probs": 0.5100419521331787, "boxs": [992.6356201171875, 678.6499633789062, 1029.9774169921875, 727.3272705078125]}
