{"label": "bicycle", "probs": 0.9317413568496704, "boxs": [0.031428754329681396, 677.0726928710938, 387.44647216796875, 1079.28271484375]}
{"label": "person", "probs": 0.9141885638237, "boxs": [954.5084228515625, 640.2293701171875, 995.104736328125, 752.6824951171875]}
{"label": "awning", "probs": 0.9070825576782227, "boxs": [1295.7191162109375, 492.08685302734375, 1443.041015625, 602.8276977539062]}
{"label": "person", "probs": 0.8849142789840698, "boxs": [1349.6015625, 621.1115112304688, 1392.8232421875, 770.1182250976562]}
{"label": "person", "probs": 0.8534771203994751, "boxs": [1220.7943115234375, 633.0393676757812, 1253.82080078125, 744.9081420898438]}
{"label": "person", "probs": 0.8503769636154175, "boxs": [1065.411376953125, 643.5233154296875, 1100.1083984375, 743.4469604492188]}
{"label": "person", "probs": 0.8295739889144897, "boxs": [1184.885986328125, 636.9132080078125, 1217.6334228515625, 746.3929443359375]}
{"label": "motorcycle", "probs": 0.8290784358978271, "boxs": [501.48797607421875, 569.1679077148438, 663.4293212890625, 925.381591796875]}
{"label": "person", "probs": 0.7838990688323975, "boxs": [757.9642333984375, 638.2236938476562, 796.0421752929688, 709.41015625]}
{"label": "chair", "probs": 0.7769819498062134, "boxs": [1610.5411376953125, 713.6175537109375, 1710.0574951171875, 833.4409790039062]}
{"label": "chair", "probs": 0.7362467050552368, "boxs": [1472.775390625, 707.2306518554688, 1529.2325439453125, 800.3275756835938]}
{"label": "person", "probs": 0.7139577269554138, "boxs": [1545.86279296875, 567.9410400390625, 1595.27978515625, 665.7899780273438]}
{"label": "signboard", "probs": 0.7006755471229553, "boxs": [1617.368896484375, 198.52212524414062, 1756.144287109375, 331.3655700683594]}
{"label": "headlight", "probs": 0.6898243427276611, "boxs": [586.1651000976562, 662.5111694335938, 615.8558959960938, 697.91357421875]}
{"label": "street_sign", "probs": 0.6892620921134949, "boxs": [848.9725341796875, 487.2546081542969, 891.26025390625, 529.0135498046875]}
{"label": "street_sign", "probs": 0.6824965476989746, "boxs": [688.6657104492188, 405.6070251464844, 748.6251831054688, 446.3169250488281]}
{"label": "trash_can", "probs": 0.6799142956733704, "boxs": [743.2762451171875, 698.9800415039062, 773.5969848632812, 761.9547119140625]}
{"label": "jean", "probs": 0.6719706058502197, "boxs": [962.9381713867188, 697.1387939453125, 990.57177734375, 748.15185546875]}
{"label": "person", "probs": 0.6640855669975281, "boxs": [1134.7718505859375, 655.8519287109375, 1161.502685546875, 714.635009765625]}
{"label": "person", "probs": 0.662929356098175, "boxs": [1012.3995971679688, 657.19287109375, 1039.1182861328125, 722.4912109375]}
{"label": "street_sign", "probs": 0.661641001701355, "boxs": [854.42333984375, 549.9819946289062, 885.3819580078125, 593.8080444335938]}
{"label": "flowerpot", "probs": 0.658877968788147, "boxs": [772.2210693359375, 694.0146484375, 834.4225463867188, 748.000244140625]}
{"label": "flowerpot", "probs": 0.6552019119262695, "boxs": [773.0807495117188, 715.881591796875, 815.8113403320312, 748.1275024414062]}
{"label": "signboard", "probs": 0.6543331146240234, "boxs": [686.7693481445312, 310.24859619140625, 750.0650634765625, 403.8195495605469]}
{"label": "trash_can", "probs": 0.6536466479301453, "boxs": [1013.537109375, 714.3036499023438, 1040.763427734375, 763.4510498046875]}
{"label": "bicycle", "probs": 0.6380437612533569, "boxs": [920.402587890625, 675.1514892578125, 957.443115234375, 726.7977294921875]}
{"label": "street_sign", "probs": 0.63060462474823, "boxs": [862.9744262695312, 618.9119873046875, 878.2764892578125, 641.5774536132812]}
{"label": "jean", "probs": 0.6303912997245789, "boxs": [1354.1239013671875, 692.3828735351562, 1385.55908203125, 763.6436157226562]}
{"label": "bicycle", "probs": 0.6266179084777832, "boxs": [988.46044921875, 686.1605834960938, 1018.5895385742188, 727.2394409179688]}
{"label": "chair", "probs": 0.6184190511703491, "boxs": [1448.580810546875, 706.2832641601562, 1487.93994140625, 791.5479125976562]}
{"label": "doormat", "probs": 0.6177350282669067, "boxs": [1684.1956787109375, 872.7723388671875, 1918.8924560546875, 942.641845703125]}
{"label": "stop_sign", "probs": 0.6171327233314514, "boxs": [1038.1212158203125, 601.200927734375, 1058.5777587890625, 626.7977905273438]}
{"label": "bicycle", "probs": 0.6162052154541016, "boxs": [1040.30517578125, 685.492919921875, 1072.2371826171875, 723.58447265625]}
{"label": "poster", "probs": 0.611082136631012, "boxs": [1819.2734375, 404.9407653808594, 1875.50048828125, 646.2957153320312]}
{"label": "trash_can", "probs": 0.6094405055046082, "boxs": [1132.80810546875, 716.0673828125, 1156.3585205078125, 767.5772705078125]}
{"label": "wheel", "probs": 0.6059065461158752, "boxs": [503.3038635253906, 831.3012084960938, 579.4867553710938, 924.6502075195312]}
{"label": "street_sign", "probs": 0.6043098568916321, "boxs": [1389.5401611328125, 459.4685974121094, 1458.8062744140625, 490.4006652832031]}
{"label": "jean", "probs": 0.59958815574646, "boxs": [1070.5220947265625, 698.4922485351562, 1096.0958251953125, 737.6060180664062]}
{"label": "pipe", "probs": 0.5943533778190613, "boxs": [425.5225830078125, 0.31144043803215027, 482.27630615234375, 921.9288940429688]}
{"label": "street_sign", "probs": 0.5864390730857849, "boxs": [848.6757202148438, 528.0349731445312, 891.456787109375, 552.3187866210938]}
{"label": "person", "probs": 0.5770609974861145, "boxs": [837.27978515625, 644.6267700195312, 853.4570922851562, 678.7532958984375]}
{"label": "person", "probs": 0.5701693296432495, "boxs": [1243.968994140625, 635.7542114257812, 1279.443115234375, 743.509033203125]}
{"label": "stool", "probs": 0.5459092855453491, "boxs": [1516.0123291015625, 707.3197631835938, 1608.4549560546875, 811.8588256835938]}
{"label": "street_sign", "probs": 0.5353894233703613, "boxs": [340.4761962890625, 364.8827209472656, 362.1880187988281, 438.2947082519531]}
{"label": "bicycle", "probs": 0.5335046052932739, "boxs": [810.8280639648438, 670.8816528320312, 863.0579833984375, 725.0950317382812]}
{"label": "rearview_mirror", "probs": 0.5313153862953186, "boxs": [517.0211791992188, 594.177001953125, 541.4630126953125, 621.9945678710938]}
{"label": "person", "probs": 0.5290369391441345, "boxs": [1171.1287841796875, 653.1976928710938, 1190.3770751953125, 738.4847412109375]}
{"label": "jacket", "probs": 0.523200273513794, "boxs": [1351.963623046875, 636.980712890625, 1390.232666015625, 693.6373901367188]}
{"label": "street_sign", "probs": 0.5226856470108032, "boxs": [1037.1141357421875, 601.8294067382812, 1059.0322265625, 630.0555419921875]}
{"label": "wheel", "probs": 0.5206136703491211, "boxs": [169.50193786621094, 874.3009033203125, 363.65045166015625, 1080.0]}
{"label": "person", "probs": 0.5000697374343872, "boxs": [1158.6966552734375, 659.0744018554688, 1177.1484375, 732.858154296875]}
