{"label": "person", "probs": 0.9208083152770996, "boxs": [953.1981811523438, 639.601806640625, 992.8527221679688, 753.6514282226562]}
{"label": "person", "probs": 0.9031956791877747, "boxs": [1229.7449951171875, 630.1343994140625, 1265.0816650390625, 744.1834106445312]}
{"label": "person", "probs": 0.9001275300979614, "boxs": [1361.932861328125, 619.2008056640625, 1406.104736328125, 771.3821411132812]}
{"label": "person", "probs": 0.8943671584129333, "boxs": [1075.7841796875, 647.89013671875, 1115.740234375, 744.2407836914062]}
{"label": "awning", "probs": 0.8876324892044067, "boxs": [1304.2767333984375, 484.00921630859375, 1460.6259765625, 601.653564453125]}
{"label": "bicycle", "probs": 0.8748391270637512, "boxs": [1.0149179697036743, 753.57080078125, 282.4185791015625, 1079.4404296875]}
{"label": "person", "probs": 0.8658093810081482, "boxs": [1187.8619384765625, 639.006103515625, 1220.587646484375, 748.0447998046875]}
{"label": "motorcycle", "probs": 0.8400533199310303, "boxs": [463.41766357421875, 537.1430053710938, 642.6206665039062, 939.9176635742188]}
{"label": "person", "probs": 0.8102877140045166, "boxs": [1167.7137451171875, 656.9805908203125, 1193.541015625, 742.0808715820312]}
{"label": "chair", "probs": 0.7554224729537964, "boxs": [1639.601318359375, 713.4281616210938, 1748.36328125, 840.802978515625]}
{"label": "chair", "probs": 0.7479369640350342, "boxs": [1497.280517578125, 707.0187377929688, 1555.2454833984375, 804.0499877929688]}
{"label": "headlight", "probs": 0.7376441955566406, "boxs": [555.8497314453125, 655.4148559570312, 590.016845703125, 693.5175170898438]}
{"label": "person", "probs": 0.7221051454544067, "boxs": [1131.45263671875, 655.69873046875, 1157.556640625, 716.6233520507812]}
{"label": "signboard", "probs": 0.7143998146057129, "boxs": [1660.0501708984375, 168.1278076171875, 1803.4591064453125, 309.2500915527344]}
{"label": "person", "probs": 0.7024814486503601, "boxs": [1576.8115234375, 562.9268798828125, 1623.460693359375, 664.1885375976562]}
{"label": "person", "probs": 0.699698805809021, "boxs": [759.5962524414062, 637.28955078125, 801.9745483398438, 702.912841796875]}
{"label": "street_sign", "probs": 0.6994485259056091, "boxs": [845.5465087890625, 480.6816711425781, 889.5178833007812, 524.476318359375]}
{"label": "chair", "probs": 0.6967574954032898, "boxs": [1466.713134765625, 705.28564453125, 1511.975830078125, 797.16845703125]}
{"label": "flowerpot", "probs": 0.6938033699989319, "boxs": [765.6881713867188, 696.2577514648438, 836.3361206054688, 748.9285278320312]}
{"label": "trash_can", "probs": 0.6921861171722412, "boxs": [1135.457763671875, 717.6044921875, 1161.62158203125, 768.6415405273438]}
{"label": "street_sign", "probs": 0.6917635202407837, "boxs": [853.0189819335938, 546.33447265625, 882.7214965820312, 589.0743408203125]}
{"label": "street_sign", "probs": 0.676212728023529, "boxs": [845.20654296875, 523.9293823242188, 890.5140380859375, 547.405517578125]}
{"label": "jean", "probs": 0.6753942370414734, "boxs": [962.032958984375, 696.8363037109375, 990.5465087890625, 749.0563354492188]}
{"label": "bicycle", "probs": 0.6594141721725464, "boxs": [919.3316040039062, 675.884033203125, 956.479248046875, 727.0511474609375]}
{"label": "trash_can", "probs": 0.6591395139694214, "boxs": [1013.7684936523438, 717.6278686523438, 1043.243408203125, 764.52099609375]}
{"label": "signboard", "probs": 0.6568096876144409, "boxs": [674.5812377929688, 289.9237976074219, 740.7667846679688, 387.9793395996094]}
{"label": "person", "probs": 0.6514654755592346, "boxs": [990.2848510742188, 639.5075073242188, 1014.6434936523438, 686.3649291992188]}
{"label": "trash_can", "probs": 0.6501432061195374, "boxs": [736.7470703125, 705.4913940429688, 770.6268310546875, 763.3892822265625]}
{"label": "bicycle", "probs": 0.6430038213729858, "boxs": [988.1953125, 684.9705200195312, 1021.7666625976562, 727.2821044921875]}
{"label": "pole", "probs": 0.6312302947044373, "boxs": [378.8860778808594, 2.3800783157348633, 449.41326904296875, 935.1741943359375]}
{"label": "person", "probs": 0.6310625076293945, "boxs": [1026.22607421875, 655.8595581054688, 1049.8809814453125, 723.3784790039062]}
{"label": "jean", "probs": 0.6291308999061584, "boxs": [1366.7628173828125, 689.8758544921875, 1399.6265869140625, 766.7098388671875]}
{"label": "wheel", "probs": 0.6184383034706116, "boxs": [464.8318176269531, 839.5306396484375, 547.9234008789062, 941.8656005859375]}
{"label": "street_sign", "probs": 0.6169750690460205, "boxs": [675.509521484375, 390.5533447265625, 739.2681274414062, 435.5596618652344]}
{"label": "street_sign", "probs": 0.6089999079704285, "boxs": [1037.849365234375, 600.1493530273438, 1059.2891845703125, 625.9475708007812]}
{"label": "manhole", "probs": 0.5925366878509521, "boxs": [1745.242919921875, 891.6177368164062, 1919.3060302734375, 961.9947509765625]}
{"label": "poster", "probs": 0.5916827917098999, "boxs": [116.75460815429688, 657.5881958007812, 170.7929229736328, 696.375732421875]}
{"label": "street_sign", "probs": 0.5787897706031799, "boxs": [859.9606323242188, 617.1744995117188, 875.7787475585938, 639.3798828125]}
{"label": "rearview_mirror", "probs": 0.5686857104301453, "boxs": [482.0628967285156, 581.7625122070312, 511.06036376953125, 613.9061279296875]}
{"label": "chair", "probs": 0.5557966232299805, "boxs": [1543.00048828125, 707.8700561523438, 1646.2471923828125, 817.348388671875]}
{"label": "hat", "probs": 0.5526586174964905, "boxs": [1092.5675048828125, 648.1923217773438, 1104.742431640625, 658.3880004882812]}
{"label": "awning", "probs": 0.5506371259689331, "boxs": [1191.263916015625, 528.7468872070312, 1213.5518798828125, 565.271240234375]}
{"label": "headlight", "probs": 0.5440140962600708, "boxs": [587.4364013671875, 669.0703735351562, 627.303466796875, 714.0147094726562]}
{"label": "signboard", "probs": 0.5417653918266296, "boxs": [1405.785400390625, 448.236328125, 1476.8955078125, 483.4456481933594]}
{"label": "person", "probs": 0.5367280840873718, "boxs": [846.772216796875, 640.7341918945312, 864.0364990234375, 682.6386108398438]}
{"label": "street_sign", "probs": 0.533879280090332, "boxs": [279.1261901855469, 326.1854553222656, 304.047119140625, 381.2171325683594]}
{"label": "bicycle", "probs": 0.5334495306015015, "boxs": [1052.73193359375, 683.011474609375, 1086.0919189453125, 720.5720825195312]}
{"label": "rearview_mirror", "probs": 0.528197705745697, "boxs": [617.283935546875, 645.0869140625, 633.0354614257812, 667.9197998046875]}
{"label": "vent", "probs": 0.5223764181137085, "boxs": [312.8934631347656, 0.334890753030777, 374.4242858886719, 169.12730407714844]}
{"label": "poster", "probs": 0.5155553221702576, "boxs": [1863.3448486328125, 383.32855224609375, 1919.9921875, 626.8694458007812]}
{"label": "bicycle", "probs": 0.5100178718566895, "boxs": [822.6756591796875, 671.2730712890625, 871.7386474609375, 720.5569458007812]}
