{"label": "awning", "probs": 0.909148097038269, "boxs": [1307.7869873046875, 477.04119873046875, 1471.6300048828125, 594.4913940429688]}
{"label": "person", "probs": 0.909013569355011, "boxs": [946.08203125, 637.0911865234375, 986.4718627929688, 754.7734985351562]}
{"label": "person", "probs": 0.9049650430679321, "boxs": [1367.89892578125, 616.4498901367188, 1412.8377685546875, 775.79443359375]}
{"label": "person", "probs": 0.9005877375602722, "boxs": [1233.602294921875, 629.7138671875, 1266.7952880859375, 742.1637573242188]}
{"label": "person", "probs": 0.8665407299995422, "boxs": [1092.0408935546875, 646.4989624023438, 1124.0435791015625, 742.8832397460938]}
{"label": "person", "probs": 0.8386497497558594, "boxs": [1183.0205078125, 636.62890625, 1217.485595703125, 749.0719604492188]}
{"label": "motorcycle", "probs": 0.830946147441864, "boxs": [404.431640625, 522.8934326171875, 604.7657470703125, 969.4801025390625]}
{"label": "chair", "probs": 0.7756187319755554, "boxs": [1690.0123291015625, 714.346435546875, 1787.3477783203125, 849.3643798828125]}
{"label": "chair", "probs": 0.7414229512214661, "boxs": [1508.923095703125, 706.8518676757812, 1570.985595703125, 804.7507934570312]}
{"label": "headlight", "probs": 0.7377887964248657, "boxs": [505.8027038574219, 651.2523193359375, 545.2926635742188, 693.81494140625]}
{"label": "flowerpot", "probs": 0.7340455055236816, "boxs": [753.9329223632812, 717.3773803710938, 799.6046142578125, 749.697509765625]}
{"label": "chair", "probs": 0.729920506477356, "boxs": [1560.97509765625, 705.9257202148438, 1628.68994140625, 818.567626953125]}
{"label": "person", "probs": 0.7270511984825134, "boxs": [1151.677978515625, 654.27490234375, 1178.7901611328125, 741.1795654296875]}
{"label": "person", "probs": 0.7203375101089478, "boxs": [1125.0751953125, 653.0210571289062, 1148.6632080078125, 718.0001831054688]}
{"label": "signboard", "probs": 0.7062023878097534, "boxs": [1693.2615966796875, 135.29615783691406, 1848.50439453125, 284.5051574707031]}
{"label": "person", "probs": 0.705424427986145, "boxs": [780.7219848632812, 636.3632202148438, 805.9548950195312, 696.7092895507812]}
{"label": "trash_can", "probs": 0.704954206943512, "boxs": [1135.2996826171875, 716.4762573242188, 1162.5623779296875, 770.4279174804688]}
{"label": "street_sign", "probs": 0.7008851766586304, "boxs": [836.1452026367188, 475.4559020996094, 881.3115234375, 519.9715576171875]}
{"label": "bicycle", "probs": 0.6972388625144958, "boxs": [908.2550659179688, 672.8943481445312, 950.3680419921875, 727.4824829101562]}
{"label": "motorcycle", "probs": 0.6965101361274719, "boxs": [0.09429176151752472, 879.4344482421875, 106.08756256103516, 1079.764892578125]}
{"label": "flowerpot", "probs": 0.6945294737815857, "boxs": [753.2758178710938, 690.8130493164062, 822.7286987304688, 750.1068725585938]}
{"label": "person", "probs": 0.6860129833221436, "boxs": [1032.77197265625, 656.4976196289062, 1058.203369140625, 731.3626098632812]}
{"label": "jean", "probs": 0.6818080544471741, "boxs": [1372.7152099609375, 690.7403564453125, 1405.695556640625, 768.6077880859375]}
{"label": "signboard", "probs": 0.6737786531448364, "boxs": [651.7857055664062, 268.7973937988281, 722.5940551757812, 374.9188232421875]}
{"label": "chair", "probs": 0.6692054867744446, "boxs": [1478.9862060546875, 703.9039306640625, 1522.227294921875, 799.6834106445312]}
{"label": "person", "probs": 0.6669989824295044, "boxs": [1589.4315185546875, 558.133544921875, 1647.221435546875, 709.5067749023438]}
{"label": "street_sign", "probs": 0.6655074954032898, "boxs": [842.35595703125, 541.3812255859375, 874.9291381835938, 586.4465942382812]}
{"label": "stop_sign", "probs": 0.655568540096283, "boxs": [1033.1121826171875, 597.7269287109375, 1054.8173828125, 623.9368286132812]}
{"label": "trash_can", "probs": 0.6547812819480896, "boxs": [1009.962646484375, 713.8367919921875, 1038.078857421875, 767.2265014648438]}
{"label": "bicycle", "probs": 0.6494781970977783, "boxs": [1056.9537353515625, 678.1904907226562, 1097.13916015625, 724.0599975585938]}
{"label": "jean", "probs": 0.6486185789108276, "boxs": [955.2446899414062, 697.1923828125, 984.4457397460938, 750.7650756835938]}
{"label": "pole", "probs": 0.6477159857749939, "boxs": [309.3017272949219, 3.098188638687134, 384.3648986816406, 956.6771850585938]}
{"label": "chair", "probs": 0.6298899054527283, "boxs": [1616.484130859375, 710.4527587890625, 1681.8092041015625, 826.2091064453125]}
{"label": "street_sign", "probs": 0.6251317262649536, "boxs": [836.0462036132812, 520.5433959960938, 880.4986572265625, 543.3705444335938]}
{"label": "signboard", "probs": 0.612551748752594, "boxs": [656.2552490234375, 376.36798095703125, 720.2301635742188, 421.90411376953125]}
{"label": "street_sign", "probs": 0.606348991394043, "boxs": [184.89527893066406, 283.9136657714844, 215.234619140625, 345.0779113769531]}
{"label": "bicycle", "probs": 0.6012036800384521, "boxs": [981.9661865234375, 680.033447265625, 1026.9686279296875, 726.89208984375]}
{"label": "rearview_mirror", "probs": 0.5937798023223877, "boxs": [423.6506652832031, 573.5848999023438, 454.4979553222656, 606.3447265625]}
{"label": "vent", "probs": 0.5862763524055481, "boxs": [226.35202026367188, 0.09592163562774658, 305.09735107421875, 123.29854583740234]}
{"label": "awning", "probs": 0.5814853310585022, "boxs": [665.6852416992188, 531.5703125, 706.8269653320312, 558.7870483398438]}
{"label": "street_sign", "probs": 0.5765244364738464, "boxs": [1416.33935546875, 439.6216735839844, 1487.7095947265625, 474.10968017578125]}
{"label": "wheel", "probs": 0.5749989748001099, "boxs": [405.5124816894531, 853.2000122070312, 494.3988037109375, 968.62255859375]}
{"label": "bicycle", "probs": 0.573266863822937, "boxs": [819.6012573242188, 671.6901245117188, 859.30224609375, 727.7568359375]}
{"label": "signboard", "probs": 0.5712347030639648, "boxs": [1570.4813232421875, 425.564697265625, 1640.53955078125, 518.3294677734375]}
{"label": "poster", "probs": 0.5601325035095215, "boxs": [196.6518096923828, 555.2680053710938, 228.6884307861328, 620.8407592773438]}
{"label": "person", "probs": 0.5591805577278137, "boxs": [996.1896362304688, 640.8382568359375, 1019.1838989257812, 689.0758666992188]}
{"label": "person", "probs": 0.551268994808197, "boxs": [762.3114624023438, 639.41455078125, 784.62158203125, 694.7456665039062]}
{"label": "manhole", "probs": 0.5498524308204651, "boxs": [1794.8800048828125, 913.6113891601562, 1920.0, 967.8699951171875]}
{"label": "jacket", "probs": 0.5469731092453003, "boxs": [1369.120849609375, 633.5528564453125, 1409.93408203125, 692.3783569335938]}
{"label": "rearview_mirror", "probs": 0.5446488857269287, "boxs": [574.6908569335938, 641.850830078125, 594.7784423828125, 667.4395141601562]}
{"label": "jean", "probs": 0.5296133160591125, "boxs": [1183.56591796875, 694.7957153320312, 1214.653564453125, 745.6957397460938]}
{"label": "jean", "probs": 0.5290784239768982, "boxs": [1096.4981689453125, 693.1492919921875, 1118.176025390625, 739.0892333984375]}
{"label": "flowerpot", "probs": 0.5194693207740784, "boxs": [1713.2791748046875, 615.4638671875, 1742.80859375, 660.5816040039062]}
{"label": "street_sign", "probs": 0.515840470790863, "boxs": [849.8929443359375, 614.3738403320312, 867.3204345703125, 640.1604614257812]}
