{"label": "person", "probs": 0.9169937968254089, "boxs": [1372.6363525390625, 615.8818359375, 1431.1212158203125, 781.2039794921875]}
{"label": "awning", "probs": 0.9011008739471436, "boxs": [1309.3629150390625, 473.2583312988281, 1480.054931640625, 595.67919921875]}
{"label": "person", "probs": 0.9001719355583191, "boxs": [1230.3994140625, 630.4048461914062, 1266.05517578125, 746.9959716796875]}
{"label": "person", "probs": 0.8934378027915955, "boxs": [939.5794677734375, 641.3432006835938, 981.4287109375, 758.3291015625]}
{"label": "person", "probs": 0.8512240052223206, "boxs": [1175.702392578125, 634.8128051757812, 1213.4232177734375, 752.7823486328125]}
{"label": "person", "probs": 0.8441056609153748, "boxs": [1102.3671875, 648.1829223632812, 1134.9310302734375, 747.0592041015625]}
{"label": "motor_scooter", "probs": 0.8311050534248352, "boxs": [332.7054138183594, 567.443359375, 565.1494750976562, 1020.263427734375]}
{"label": "person", "probs": 0.7473347187042236, "boxs": [766.9473266601562, 643.2796630859375, 791.5291137695312, 703.22900390625]}
{"label": "motorcycle", "probs": 0.7287576794624329, "boxs": [333.1826477050781, 568.8544311523438, 563.8878173828125, 1020.3941040039062]}
{"label": "signboard", "probs": 0.7247486114501953, "boxs": [1729.2314453125, 108.47932434082031, 1895.238525390625, 267.682861328125]}
{"label": "chair", "probs": 0.7215037941932678, "boxs": [1697.6004638671875, 720.0679931640625, 1829.78369140625, 865.7015380859375]}
{"label": "street_sign", "probs": 0.7207756638526917, "boxs": [621.1264038085938, 365.3786926269531, 700.9664306640625, 415.3785400390625]}
{"label": "headlight", "probs": 0.7199547290802002, "boxs": [448.4988708496094, 664.257080078125, 489.3835144042969, 708.2251586914062]}
{"label": "stool", "probs": 0.7193598747253418, "boxs": [1719.90283203125, 722.5501098632812, 1829.79248046875, 866.1753540039062]}
{"label": "chair", "probs": 0.7149975895881653, "boxs": [1493.4755859375, 708.8763427734375, 1545.71826171875, 810.5010375976562]}
{"label": "person", "probs": 0.7145675420761108, "boxs": [1035.014404296875, 660.8442993164062, 1067.5301513671875, 747.775634765625]}
{"label": "chair", "probs": 0.7064047455787659, "boxs": [1633.568115234375, 717.3905029296875, 1705.4168701171875, 837.6196899414062]}
{"label": "chair", "probs": 0.7027223110198975, "boxs": [1530.14208984375, 712.1889038085938, 1591.5352783203125, 818.1409301757812]}
{"label": "bicycle", "probs": 0.695900022983551, "boxs": [900.9718627929688, 678.3209838867188, 941.8179931640625, 730.6039428710938]}
{"label": "person", "probs": 0.6886275410652161, "boxs": [858.6434326171875, 639.3170166015625, 877.056884765625, 686.9845581054688]}
{"label": "street_sign", "probs": 0.6854389905929565, "boxs": [825.8609008789062, 472.9864807128906, 872.197021484375, 518.5478515625]}
{"label": "person", "probs": 0.6824520230293274, "boxs": [1618.1287841796875, 558.0473022460938, 1669.91357421875, 665.6423950195312]}
{"label": "pipe", "probs": 0.6752843856811523, "boxs": [227.5730438232422, 2.570185661315918, 313.16845703125, 1006.2451171875]}
{"label": "flowerpot", "probs": 0.6612788438796997, "boxs": [740.7511596679688, 713.1033325195312, 813.2554931640625, 754.5775146484375]}
{"label": "rearview_mirror", "probs": 0.6521857976913452, "boxs": [354.9762878417969, 574.7653198242188, 391.9974060058594, 612.0718994140625]}
{"label": "street_sign", "probs": 0.6473042368888855, "boxs": [830.8282470703125, 540.5076293945312, 864.37109375, 586.847412109375]}
{"label": "street_sign", "probs": 0.6472143530845642, "boxs": [628.5367431640625, 255.4994354248047, 704.1126098632812, 365.2093200683594]}
{"label": "person", "probs": 0.6459938287734985, "boxs": [1136.2020263671875, 656.9841918945312, 1166.2762451171875, 739.9765014648438]}
{"label": "stop_sign", "probs": 0.6405363082885742, "boxs": [1029.719482421875, 598.2023315429688, 1053.79443359375, 623.545166015625]}
{"label": "jean", "probs": 0.636947751045227, "boxs": [1378.8514404296875, 695.5036010742188, 1410.180908203125, 774.5253295898438]}
{"label": "wheel", "probs": 0.6277130246162415, "boxs": [333.76690673828125, 885.5594482421875, 431.75103759765625, 1019.0923461914062]}
{"label": "chair", "probs": 0.6260408759117126, "boxs": [1579.8741455078125, 711.935791015625, 1635.371337890625, 825.6513061523438]}
{"label": "poster", "probs": 0.6192442178726196, "boxs": [82.40272521972656, 554.7433471679688, 133.0384979248047, 628.3569946289062]}
{"label": "jean", "probs": 0.6107877492904663, "boxs": [948.7841186523438, 699.5687866210938, 977.6612548828125, 755.6138305664062]}
{"label": "street_sign", "probs": 0.6044959425926208, "boxs": [824.5699462890625, 521.1334838867188, 872.1341552734375, 541.517822265625]}
{"label": "street_sign", "probs": 0.6011256575584412, "boxs": [68.0997085571289, 247.5858154296875, 107.91226959228516, 347.17840576171875]}
{"label": "bicycle", "probs": 0.5986055135726929, "boxs": [975.9716186523438, 682.6528930664062, 1003.8008422851562, 730.5597534179688]}
{"label": "trash_can", "probs": 0.5963314175605774, "boxs": [1003.9728393554688, 720.2074584960938, 1033.249267578125, 772.8576049804688]}
{"label": "rearview_mirror", "probs": 0.5836672186851501, "boxs": [513.0958251953125, 619.5771484375, 526.2322387695312, 629.2910766601562]}
{"label": "trash_can", "probs": 0.5812322497367859, "boxs": [1131.4765625, 719.1267700195312, 1159.0655517578125, 777.4050903320312]}
{"label": "trash_can", "probs": 0.5752944946289062, "boxs": [706.8195190429688, 705.1461791992188, 742.6068115234375, 773.3280029296875]}
{"label": "bicycle", "probs": 0.5739461779594421, "boxs": [998.2506713867188, 677.6174926757812, 1032.192138671875, 730.7816772460938]}
{"label": "bicycle", "probs": 0.5655936002731323, "boxs": [1066.5361328125, 675.8892211914062, 1111.59912109375, 728.8501586914062]}
{"label": "awning", "probs": 0.5654551982879639, "boxs": [647.6729125976562, 527.8226928710938, 691.1992797851562, 555.2005004882812]}
{"label": "person", "probs": 0.5653802752494812, "boxs": [788.95166015625, 642.1918334960938, 816.1755981445312, 711.8340454101562]}
{"label": "manhole", "probs": 0.5649141073226929, "boxs": [1856.870849609375, 949.779541015625, 1920.0, 981.3999633789062]}
{"label": "person", "probs": 0.558600664138794, "boxs": [1006.8746337890625, 641.874267578125, 1025.2054443359375, 687.9020385742188]}
{"label": "flowerpot", "probs": 0.5540387034416199, "boxs": [1747.3382568359375, 616.5396728515625, 1777.152587890625, 665.2449340820312]}
{"label": "street_sign", "probs": 0.5539810061454773, "boxs": [1027.0244140625, 625.3507080078125, 1048.36669921875, 635.9136352539062]}
{"label": "street_sign", "probs": 0.5535352230072021, "boxs": [839.4974975585938, 615.446044921875, 857.3460083007812, 639.9381713867188]}
{"label": "thermostat", "probs": 0.5403609275817871, "boxs": [1818.6785888671875, 574.82275390625, 1835.2452392578125, 624.56494140625]}
{"label": "bicycle", "probs": 0.5390275120735168, "boxs": [1233.4862060546875, 700.2646484375, 1267.1976318359375, 746.6084594726562]}
{"label": "street_sign", "probs": 0.5365928411483765, "boxs": [1430.6221923828125, 433.1879577636719, 1498.9970703125, 470.4224548339844]}
{"label": "signboard", "probs": 0.5355554223060608, "boxs": [1590.99755859375, 415.4178771972656, 1661.6529541015625, 517.7808227539062]}
{"label": "jean", "probs": 0.5322486162185669, "boxs": [1185.8486328125, 695.0305786132812, 1212.6669921875, 748.9241333007812]}
{"label": "person", "probs": 0.5227382183074951, "boxs": [1436.4217529296875, 638.3240356445312, 1465.447021484375, 715.0184936523438]}
{"label": "bicycle", "probs": 0.5163960456848145, "boxs": [812.486083984375, 677.2341918945312, 845.083740234375, 725.0059204101562]}
{"label": "person", "probs": 0.5046401023864746, "boxs": [1615.946533203125, 555.4978637695312, 1669.9156494140625, 824.08984375]}
{"label": "dining_table", "probs": 0.5012134313583374, "boxs": [1595.377197265625, 661.7823486328125, 1794.006591796875, 681.9830932617188]}
