{"label": "person", "probs": 0.8987619280815125, "boxs": [1382.2662353515625, 613.4955444335938, 1454.8299560546875, 784.4075927734375]}
{"label": "awning", "probs": 0.8824421763420105, "boxs": [1316.386962890625, 464.00146484375, 1496.0140380859375, 592.414794921875]}
{"label": "person", "probs": 0.8631271719932556, "boxs": [935.5703125, 641.3993530273438, 976.769287109375, 759.3137817382812]}
{"label": "person", "probs": 0.8534649610519409, "boxs": [1232.375, 629.7695922851562, 1271.65380859375, 747.4874877929688]}
{"label": "person", "probs": 0.8313482403755188, "boxs": [1107.998046875, 647.0366821289062, 1137.1253662109375, 745.5280151367188]}
{"label": "motor_scooter", "probs": 0.8290750980377197, "boxs": [248.44863891601562, 554.86962890625, 525.434814453125, 1054.4267578125]}
{"label": "person", "probs": 0.805212676525116, "boxs": [1171.734375, 635.0670166015625, 1201.876708984375, 754.7562866210938]}
{"label": "chair", "probs": 0.7860368490219116, "boxs": [1763.7896728515625, 721.3510131835938, 1880.35791015625, 874.8633422851562]}
{"label": "person", "probs": 0.7736949920654297, "boxs": [1191.66943359375, 628.9851684570312, 1220.0921630859375, 750.4385986328125]}
{"label": "person", "probs": 0.7618672251701355, "boxs": [775.9579467773438, 649.1510620117188, 807.0911254882812, 703.3624267578125]}
{"label": "person", "probs": 0.759030818939209, "boxs": [805.3045654296875, 654.7501831054688, 836.7857055664062, 733.0181884765625]}
{"label": "chair", "probs": 0.7424333095550537, "boxs": [1514.11328125, 707.7702026367188, 1563.9765625, 813.4330444335938]}
{"label": "chair", "probs": 0.729372501373291, "boxs": [1550.7010498046875, 711.9505615234375, 1620.177734375, 822.0135498046875]}
{"label": "headlight", "probs": 0.7238662242889404, "boxs": [383.598388671875, 656.9694213867188, 430.6033020019531, 706.1763916015625]}
{"label": "bicycle", "probs": 0.7127398252487183, "boxs": [898.9856567382812, 680.0902709960938, 938.6588745117188, 731.5125732421875]}
{"label": "trash_can", "probs": 0.7053003907203674, "boxs": [1002.1695556640625, 718.4126586914062, 1031.4317626953125, 774.52392578125]}
{"label": "stop_sign", "probs": 0.6991268396377563, "boxs": [1028.2877197265625, 596.0711669921875, 1049.3638916015625, 623.3871459960938]}
{"label": "street_sign", "probs": 0.6881892085075378, "boxs": [607.2167358398438, 345.4979248046875, 685.6237182617188, 398.1322937011719]}
{"label": "street_sign", "probs": 0.6873795986175537, "boxs": [818.7216796875, 465.556396484375, 866.1895751953125, 513.076416015625]}
{"label": "street_sign", "probs": 0.6871114373207092, "boxs": [606.0894165039062, 228.19346618652344, 687.4195556640625, 346.5745849609375]}
{"label": "person", "probs": 0.6862314343452454, "boxs": [1129.811767578125, 653.3120727539062, 1164.4873046875, 739.9259033203125]}
{"label": "street_sign", "probs": 0.6853703260421753, "boxs": [826.3982543945312, 536.5615844726562, 858.4793090820312, 583.73486328125]}
{"label": "chair", "probs": 0.6828811764717102, "boxs": [1728.4073486328125, 715.9522094726562, 1785.3936767578125, 856.214599609375]}
{"label": "signboard", "probs": 0.6827245950698853, "boxs": [1788.3682861328125, 67.08771514892578, 1920.0, 229.6558380126953]}
{"label": "street_sign", "probs": 0.6824566721916199, "boxs": [833.9185180664062, 612.2324829101562, 852.0667114257812, 638.4248046875]}
{"label": "awning", "probs": 0.6781876087188721, "boxs": [628.611083984375, 518.9010620117188, 677.5894775390625, 548.2181396484375]}
{"label": "street_sign", "probs": 0.6773698329925537, "boxs": [817.8576049804688, 512.6756591796875, 866.8822631835938, 537.8150024414062]}
{"label": "person", "probs": 0.6633386015892029, "boxs": [1055.71240234375, 658.3098754882812, 1083.861328125, 727.1777954101562]}
{"label": "motorcycle", "probs": 0.6565914750099182, "boxs": [248.62606811523438, 554.985107421875, 524.0422973632812, 1054.181396484375]}
{"label": "stool", "probs": 0.656258225440979, "boxs": [1676.1226806640625, 715.8101196289062, 1744.721923828125, 846.4952392578125]}
{"label": "jean", "probs": 0.6475752592086792, "boxs": [1388.5084228515625, 695.0388793945312, 1423.812744140625, 775.1784057617188]}
{"label": "bicycle", "probs": 0.6414007544517517, "boxs": [974.0999145507812, 682.15576171875, 1004.267333984375, 732.386962890625]}
{"label": "trash_can", "probs": 0.6383275389671326, "boxs": [694.4832763671875, 703.8851928710938, 728.7398071289062, 773.854736328125]}
{"label": "flowerpot", "probs": 0.6336416602134705, "boxs": [730.5462646484375, 698.8508911132812, 808.9598999023438, 755.3035888671875]}
{"label": "jean", "probs": 0.631023108959198, "boxs": [945.5673828125, 699.5999145507812, 974.1351318359375, 753.13525390625]}
{"label": "rearview_mirror", "probs": 0.6256079077720642, "boxs": [275.6907653808594, 553.9188842773438, 320.5273742675781, 595.3565063476562]}
{"label": "flowerpot", "probs": 0.619495689868927, "boxs": [731.9241943359375, 720.6995239257812, 780.8034057617188, 755.4094848632812]}
{"label": "bicycle", "probs": 0.6182639598846436, "boxs": [996.6621704101562, 678.5465087890625, 1050.22802734375, 730.0936279296875]}
{"label": "person", "probs": 0.6150455474853516, "boxs": [864.978759765625, 639.8493041992188, 887.956298828125, 688.2366333007812]}
{"label": "wheel", "probs": 0.607572615146637, "boxs": [248.5469512939453, 908.4116821289062, 355.5640869140625, 1052.5819091796875]}
{"label": "pipe", "probs": 0.5978442430496216, "boxs": [131.93292236328125, 16.661865234375, 220.70938110351562, 1015.1046142578125]}
{"label": "signboard", "probs": 0.585379421710968, "boxs": [1612.2974853515625, 400.09649658203125, 1692.3623046875, 506.2347412109375]}
{"label": "person", "probs": 0.5772349238395691, "boxs": [1644.159912109375, 548.6876220703125, 1702.7860107421875, 663.9674072265625]}
{"label": "person", "probs": 0.571325957775116, "boxs": [1642.72607421875, 550.1149291992188, 1705.870849609375, 836.66552734375]}
{"label": "awning", "probs": 0.5680810809135437, "boxs": [586.5408935546875, 465.15789794921875, 675.3159790039062, 546.7945556640625]}
{"label": "jean", "probs": 0.5666678547859192, "boxs": [1195.7066650390625, 687.1488037109375, 1216.438232421875, 744.80712890625]}
{"label": "chair", "probs": 0.5663691163063049, "boxs": [1606.0130615234375, 714.2420654296875, 1670.88134765625, 829.3142700195312]}
{"label": "bicycle", "probs": 0.5662811398506165, "boxs": [1076.1282958984375, 676.5164794921875, 1116.75048828125, 731.1502685546875]}
{"label": "flowerpot", "probs": 0.563811182975769, "boxs": [1792.367431640625, 611.19970703125, 1823.0615234375, 662.1614990234375]}
{"label": "awning", "probs": 0.563703179359436, "boxs": [586.382568359375, 463.6945495605469, 633.5751953125, 526.0120239257812]}
{"label": "bicycle", "probs": 0.5508624315261841, "boxs": [848.6788330078125, 681.8888549804688, 883.5646362304688, 712.335205078125]}
{"label": "trash_can", "probs": 0.5385611057281494, "boxs": [1135.9443359375, 722.71875, 1161.786865234375, 779.4015502929688]}
{"label": "street_sign", "probs": 0.5261493921279907, "boxs": [1025.1968994140625, 621.2890014648438, 1047.046630859375, 634.8749389648438]}
{"label": "bicycle", "probs": 0.5210174918174744, "boxs": [1028.6688232421875, 680.6785278320312, 1055.658447265625, 726.8756103515625]}
{"label": "shoe", "probs": 0.5174492597579956, "boxs": [947.1012573242188, 749.5098266601562, 962.03515625, 757.6404418945312]}
{"label": "rearview_mirror", "probs": 0.5116279721260071, "boxs": [387.2637023925781, 573.1715087890625, 401.7791442871094, 584.7071533203125]}
{"label": "person", "probs": 0.5015057325363159, "boxs": [1231.806884765625, 638.7349243164062, 1247.509765625, 690.4558715820312]}
